date,market,area,item,origin,volume_t,high,mid,low
2026-06-13,大田,関東,ごぼう,埼玉,0.1,,86,
2026-06-13,大田,関東,ごぼう,群馬,2.6,,2160,
2026-06-13,大田,関東,さつまいも,高知,0.4,3024,2700,2700
2026-06-13,大田,関東,さつまいも,千葉,19.2,2484,2160,1728
2026-06-13,大田,関東,さといも,鹿児島,1.1,1944,1728,1512
2026-06-13,横浜本場,関東,ごぼう,青森,2.0,,173,
2026-06-13,横浜本場,関東,さつまいも,千葉,22.5,2160,2160,1728
2026-06-13,横浜本場,関東,さつまいも,茨城,12.2,1620,,1404
2026-06-13,横浜本場,関東,さといも,鹿児島,0.3,,,
2026-06-13,横浜本場,関東,さといも,千葉,0.8,,270,
2026-06-13,大阪本場,関西,ごぼう,群馬,4.8,,2484,
2026-06-13,大阪本場,関西,ごぼう,熊本,1.8,1296,,1188
2026-06-13,大阪本場,関西,さつまいも,徳島,1.0,2052,,1512
2026-06-13,大阪本場,関西,さつまいも,千葉,16.1,2268,2268,2160
2026-06-13,大阪本場,関西,さといも,鹿児島,0.5,1512,,1404
2026-06-13,京都,関西,ごぼう,宮崎,1.4,,2592,
2026-06-13,京都,関西,ごぼう,鹿児島,0.4,,1404,
2026-06-13,京都,関西,ごぼう,大分,0.3,,1296,
2026-06-13,京都,関西,さつまいも,茨城,14.6,,2160,
2026-06-13,京都,関西,さつまいも,徳島,2.8,1728,1512,1080
2026-06-13,京都,関西,さといも,鹿児島,0.8,,1296,
2026-06-13,神戸本場,関西,ごぼう,群馬,0.2,,3240,
2026-06-13,神戸本場,関西,さつまいも,徳島,1.8,1728,972,864
2026-06-13,広島中央,中国,さつまいも,徳島,0.2,,659,
2026-06-13,福岡,九州,ごぼう,熊本,1.3,1404,,1296
2026-06-13,福岡,九州,ごぼう,中国,1.1,1188,1080,1080
2026-06-13,福岡,九州,さつまいも,熊本,10.2,2376,1620,864
2026-06-13,福岡,九州,さといも,鹿児島,0.6,1728,1080,1080
2026-06-13,北九州,九州,ごぼう,鹿児島,1.1,2538,1620,1620
2026-06-13,北九州,九州,ごぼう,熊本,0.9,,130,
2026-06-13,北九州,九州,さつまいも,千葉,0.2,,2808,
2026-06-13,北九州,九州,さつまいも,茨城,0.2,,1836,
2026-06-13,北九州,九州,さといも,鹿児島,0.2,1080,972,864
2026-06-13,北九州,九州,さといも,中国,0.1,,4104,
2026-06-13,鹿児島,九州,ごぼう,鹿児島,12.3,,1728,
2026-06-13,鹿児島,九州,さつまいも,熊本,2.7,2268,2160,2106
2026-06-13,鹿児島,九州,さといも,鹿児島,0.1,972,,864
2026-06-15,宮崎,九州,さといも,宮崎,2.7,,658.8,
2026-06-15,大田,関東,ごぼう,群馬,1.7,,2160,
2026-06-15,大田,関東,さつまいも,高知,0.8,3240,,3024
2026-06-15,大田,関東,さつまいも,茨城,22.6,,1836,
2026-06-15,大田,関東,さといも,鹿児島,1.1,1944,1728,1404
2026-06-15,横浜本場,関東,ごぼう,青森,2.8,3240,,810
2026-06-15,横浜本場,関東,さつまいも,千葉,12.3,2160,1998,1782
2026-06-15,横浜本場,関東,さつまいも,茨城,9.7,,1404,
2026-06-15,横浜本場,関東,さつまいも,高知,0.2,,2376,
2026-06-15,横浜本場,関東,さといも,鹿児島,0.3,,,
2026-06-15,横浜本場,関東,さといも,千葉,0.6,,270,
2026-06-15,大阪本場,関西,ごぼう,群馬,3.6,,2268,
2026-06-15,大阪本場,関西,ごぼう,熊本,1.0,1188,,1080
2026-06-15,大阪本場,関西,さつまいも,徳島,0.4,1728,,1296
2026-06-15,大阪本場,関西,さつまいも,茨城,12.2,2052,2052,1944
2026-06-15,大阪本場,関西,さといも,鹿児島,0.8,1512,,1404
2026-06-15,京都,関西,ごぼう,宮崎,1.7,,864,
2026-06-15,京都,関西,ごぼう,鹿児島,0.6,1404,1296,1134
2026-06-15,京都,関西,ごぼう,青森,0.4,151,141,141
2026-06-15,京都,関西,さつまいも,茨城,6.6,,2160,
2026-06-15,京都,関西,さつまいも,徳島,0.8,,1080,
2026-06-15,京都,関西,さといも,鹿児島,1.1,,1296,
2026-06-15,神戸本場,関西,ごぼう,青森,0.3,,1782,
2026-06-15,神戸本場,関西,さつまいも,徳島,0.5,1296,,864
2026-06-15,広島中央,中国,ごぼう,青森,0.3,,378,
2026-06-15,広島中央,中国,さつまいも,鹿児島,0.2,,2376,
2026-06-15,広島中央,中国,さつまいも,徳島,0.2,,702,
2026-06-15,福岡,九州,ごぼう,熊本,2.4,,2592,
2026-06-15,福岡,九州,ごぼう,中国,1.0,1350,1080,1080
2026-06-15,福岡,九州,さつまいも,宮崎,1.3,1728,1404,864
2026-06-15,福岡,九州,さつまいも,熊本,5.7,2592,2376,1620
2026-06-15,福岡,九州,さといも,鹿児島,0.5,1728,1188,1188
2026-06-15,北九州,九州,ごぼう,鹿児島,0.7,4536,,2592
2026-06-15,北九州,九州,ごぼう,熊本,0.4,135,,130
2026-06-15,北九州,九州,さつまいも,宮崎,0.3,,2808,
2026-06-15,北九州,九州,さつまいも,千葉,1.0,,2484,
2026-06-15,北九州,九州,さつまいも,鹿児島,0.1,,1512,
2026-06-15,北九州,九州,さといも,鹿児島,0.2,1620,,1512
2026-06-15,北九州,九州,さといも,宮崎,0.8,,432,
2026-06-15,鹿児島,九州,ごぼう,鹿児島,3.4,,2160,
2026-06-15,鹿児島,九州,さつまいも,熊本,1.5,2376,2268,2214
2026-06-15,鹿児島,九州,さといも,鹿児島,0.8,3240,2160,1080
2026-06-16,大田,関東,ごぼう,群馬,2.7,3024,2160,2160
2026-06-16,大田,関東,さつまいも,高知,0.1,3240,2700,2700
2026-06-16,大田,関東,さつまいも,千葉,20.8,2484,2160,1728
2026-06-16,大田,関東,さといも,鹿児島,0.9,1728,1728,1080
2026-06-16,横浜本場,関東,ごぼう,青森,2.7,,70,
2026-06-16,横浜本場,関東,さつまいも,千葉,12.7,2160,2160,1296
2026-06-16,横浜本場,関東,さつまいも,茨城,5.7,1188,,1080
2026-06-16,横浜本場,関東,さつまいも,高知,0.1,,2700,
2026-06-16,横浜本場,関東,さといも,鹿児島,0.2,,,
2026-06-16,横浜本場,関東,さといも,千葉,0.6,,270,
2026-06-16,大阪本場,関西,ごぼう,群馬,3.5,2484,,2160
2026-06-16,大阪本場,関西,ごぼう,鹿児島,1.8,1404,1404,1296
2026-06-16,大阪本場,関西,さつまいも,徳島,0.3,1836,1836,1620
2026-06-16,大阪本場,関西,さつまいも,茨城,18.2,2160,1836,1836
2026-06-16,大阪本場,関西,さといも,鹿児島,0.6,,3780,
2026-06-16,大阪本場,関西,さといも,宮崎,0.1,,3240,
2026-06-16,京都,関西,ごぼう,宮崎,0.1,,1706,
2026-06-16,京都,関西,ごぼう,鹿児島,0.4,,1404,
2026-06-16,京都,関西,ごぼう,大分,0.2,,1080,
2026-06-16,京都,関西,さつまいも,茨城,10.4,,2160,
2026-06-16,京都,関西,さつまいも,宮崎,2.9,1080,,864
2026-06-16,京都,関西,さといも,鹿児島,0.3,,1404,
2026-06-16,神戸本場,関西,ごぼう,青森,0.5,,1782,
2026-06-16,神戸本場,関西,さつまいも,徳島,0.7,1404,1296,864
2026-06-16,神戸本場,関西,さといも,鹿児島,0.1,,1836,
2026-06-16,広島中央,中国,ごぼう,宮崎,0.5,,810,
2026-06-16,広島中央,中国,さつまいも,徳島,0.3,1307,1080,983
2026-06-16,福岡,九州,ごぼう,鹿児島,2.8,3024,,2376
2026-06-16,福岡,九州,ごぼう,中国,1.2,1188,1080,1080
2026-06-16,福岡,九州,さつまいも,熊本,3.1,1512,,1296
2026-06-16,福岡,九州,さといも,鹿児島,0.4,1728,,1512
2026-06-16,北九州,九州,ごぼう,鹿児島,0.8,4536,4536,2484
2026-06-16,北九州,九州,ごぼう,熊本,0.2,,130,
2026-06-16,北九州,九州,さつまいも,千葉,0.9,,2592,
2026-06-16,北九州,九州,さつまいも,茨城,0.1,,1404,
2026-06-16,北九州,九州,さといも,中国,0.1,,4104,
2026-06-16,鹿児島,九州,ごぼう,鹿児島,14.4,2376,,1944
2026-06-16,鹿児島,九州,さつまいも,熊本,3.0,2484,2376,2214
2026-06-16,鹿児島,九州,さといも,宮崎,0.1,8100,,7560
2026-06-16,宮崎,九州,さといも,宮崎,0.7,,739.8,
2026-06-18,大田,関東,ごぼう,群馬,4.2,,1728,
2026-06-18,大田,関東,さつまいも,高知,0.4,3024,,2700
2026-06-18,大田,関東,さつまいも,茨城,28.4,1966,,1944
2026-06-18,大田,関東,さといも,鹿児島,0.4,1404,,1296
2026-06-18,横浜本場,関東,ごぼう,青森,1.1,125,,119
2026-06-18,横浜本場,関東,さつまいも,千葉,27.7,2160,2160,1836
2026-06-18,横浜本場,関東,さつまいも,茨城,16.9,1944,1620,1512
2026-06-18,横浜本場,関東,さつまいも,高知,0.2,,2700,
2026-06-18,横浜本場,関東,さといも,鹿児島,0.1,,1296,
2026-06-18,横浜本場,関東,さといも,千葉,0.9,270,,216
2026-06-18,大阪本場,関西,ごぼう,群馬,5.2,2808,2052,1080
2026-06-18,大阪本場,関西,ごぼう,熊本,1.9,,1188,
2026-06-18,大阪本場,関西,さつまいも,徳島,0.3,1728,,1404
2026-06-18,大阪本場,関西,さつまいも,千葉,14.9,2268,2268,1404
2026-06-18,大阪本場,関西,さといも,鹿児島,0.3,,1512,
2026-06-18,大阪本場,関西,さといも,宮崎,0.2,,3240,
2026-06-18,京都,関西,ごぼう,宮崎,2.0,,2160,
2026-06-18,京都,関西,ごぼう,鹿児島,0.9,,1404,
2026-06-18,京都,関西,ごぼう,青森,0.4,151,141,141
2026-06-18,京都,関西,さつまいも,茨城,11.4,,2160,
2026-06-18,京都,関西,さつまいも,千葉,2.1,,2160,
2026-06-18,京都,関西,さといも,鹿児島,0.2,,1620,
2026-06-18,神戸本場,関西,ごぼう,青森,0.5,,1782,
2026-06-18,神戸本場,関西,さつまいも,徳島,2.7,1512,1188,648
2026-06-18,神戸本場,関西,さといも,鹿児島,0.1,,1836,
2026-06-18,広島中央,中国,ごぼう,鹿児島,0.3,,1404,
2026-06-18,広島中央,中国,さつまいも,徳島,0.5,,1091,
2026-06-18,福岡,九州,ごぼう,鹿児島,2.5,3240,2592,2376
2026-06-18,福岡,九州,ごぼう,熊本,2.2,1404,,1296
2026-06-18,福岡,九州,さつまいも,宮崎,1.7,2592,1620,864
2026-06-18,福岡,九州,さつまいも,熊本,10.9,2376,2376,1512
2026-06-18,福岡,九州,さといも,鹿児島,0.5,1080,,864
2026-06-18,北九州,九州,ごぼう,鹿児島,0.6,5616,,2592
2026-06-18,北九州,九州,ごぼう,熊本,0.3,135,130,124
2026-06-18,北九州,九州,さつまいも,宮崎,0.9,,2808,
2026-06-18,北九州,九州,さつまいも,熊本,1.0,,2160,
2026-06-18,北九州,九州,さつまいも,千葉,0.7,,1944,
2026-06-18,北九州,九州,さといも,鹿児島,0.1,,1512,
2026-06-18,北九州,九州,さといも,宮崎,0.6,,594,
2026-06-18,鹿児島,九州,ごぼう,鹿児島,9.5,,2376,
2026-06-18,鹿児島,九州,さつまいも,熊本,3.1,2484,2376,2106
2026-06-18,鹿児島,九州,さといも,鹿児島,0.6,3240,2160,1080
2026-06-18,宮崎,九州,さつまいも,宮崎,0.3,,378.0,
2026-06-18,宮崎,九州,さといも,宮崎,0.5,,842.4,
2026-06-19,大田,関東,ごぼう,群馬,3.1,3024,2160,2160
2026-06-19,大田,関東,さつまいも,高知,0.4,3024,3024,2700
2026-06-19,大田,関東,さつまいも,茨城,21.8,2160,1944,1620
2026-06-19,大田,関東,さといも,鹿児島,0.3,,1728,
2026-06-19,横浜本場,関東,ごぼう,青森,1.2,,864,
2026-06-19,横浜本場,関東,さつまいも,千葉,9.8,2160,2160,1566
2026-06-19,横浜本場,関東,さつまいも,茨城,7.9,,1296,
2026-06-19,横浜本場,関東,さつまいも,高知,0.1,,2268,
2026-06-19,横浜本場,関東,さといも,鹿児島,0.1,,1296,
2026-06-19,横浜本場,関東,さといも,千葉,1.0,,270,
2026-06-19,大阪本場,関西,ごぼう,群馬,3.3,2052,,1080
2026-06-19,大阪本場,関西,ごぼう,熊本,3.6,,1296,
2026-06-19,大阪本場,関西,さつまいも,徳島,1.0,,1728,
2026-06-19,大阪本場,関西,さつまいも,茨城,13.7,2376,1836,1836
2026-06-19,大阪本場,関西,さといも,鹿児島,0.5,,1080,
2026-06-19,京都,関西,ごぼう,宮崎,1.0,,1620,
2026-06-19,京都,関西,ごぼう,鹿児島,0.6,,1404,
2026-06-19,京都,関西,ごぼう,熊本,0.5,,1458,
2026-06-19,京都,関西,さつまいも,茨城,4.4,,2160,
2026-06-19,京都,関西,さといも,鹿児島,0.5,,1512,
2026-06-19,神戸本場,関西,ごぼう,青森,0.2,,1782,
2026-06-19,神戸本場,関西,さつまいも,徳島,1.5,1296,1188,648
2026-06-19,神戸本場,関西,さといも,鹿児島,0.1,,1836,
2026-06-19,広島中央,中国,ごぼう,鹿児島,0.2,,1404,
2026-06-19,広島中央,中国,さつまいも,熊本,3.0,,1620,
2026-06-19,広島中央,中国,さつまいも,徳島,0.1,,659,
2026-06-19,福岡,九州,ごぼう,中国,1.5,1512,1134,1134
2026-06-19,福岡,九州,ごぼう,熊本,1.3,,788,
2026-06-19,福岡,九州,さつまいも,熊本,7.1,2592,2376,2052
2026-06-19,福岡,九州,さといも,鹿児島,0.6,1512,1080,1080
2026-06-19,北九州,九州,ごぼう,鹿児島,0.2,,2592,
2026-06-19,北九州,九州,ごぼう,熊本,0.6,,130,
2026-06-19,北九州,九州,さつまいも,千葉,1.9,2592,,2268
2026-06-19,北九州,九州,さつまいも,熊本,0.3,,2268,
2026-06-19,北九州,九州,さといも,鹿児島,0.1,1620,,1080
2026-06-19,北九州,九州,さといも,宮崎,0.2,,594,
2026-06-19,鹿児島,九州,ごぼう,鹿児島,1.7,,1026,
2026-06-19,鹿児島,九州,さつまいも,熊本,2.2,2592,2376,2376
2026-06-19,鹿児島,九州,さといも,鹿児島,0.1,864,,810
2026-06-19,宮崎,九州,さといも,宮崎,1.1,,545.4,
2026-06-20,大田,関東,ごぼう,青森,12.4,1134,,702
2026-06-20,大田,関東,さつまいも,高知,0.4,,3024,
2026-06-20,大田,関東,さつまいも,茨城,27.0,1966,,1944
2026-06-20,大田,関東,さといも,鹿児島,0.8,1728,1728,1512
2026-06-20,横浜本場,関東,ごぼう,青森,2.0,,173,
2026-06-20,横浜本場,関東,さつまいも,千葉,23.3,2160,2160,1998
2026-06-20,横浜本場,関東,さつまいも,茨城,12.0,1296,1188,1080
2026-06-20,横浜本場,関東,さつまいも,高知,0.1,,2700,
2026-06-20,横浜本場,関東,さといも,鹿児島,0.1,,,
2026-06-20,横浜本場,関東,さといも,千葉,0.7,,270,
2026-06-20,大阪本場,関西,ごぼう,群馬,5.9,,2160,
2026-06-20,大阪本場,関西,ごぼう,青森,1.7,,2538,
2026-06-20,大阪本場,関西,さつまいも,徳島,0.4,1620,,432
2026-06-20,大阪本場,関西,さつまいも,千葉,22.3,2268,2268,2160
2026-06-20,大阪本場,関西,さといも,鹿児島,0.2,648,,540
2026-06-20,大阪本場,関西,さといも,宮崎,0.1,,3240,
2026-06-20,京都,関西,ごぼう,鹿児島,0.7,1404,1296,1134
2026-06-20,京都,関西,ごぼう,大分,0.2,,1188,
2026-06-20,京都,関西,さつまいも,茨城,17.2,,1728,
2026-06-20,京都,関西,さつまいも,徳島,0.6,,1836,
2026-06-20,京都,関西,さといも,鹿児島,0.1,,1404,
2026-06-20,神戸本場,関西,ごぼう,青森,0.5,,1782,
2026-06-20,神戸本場,関西,さつまいも,徳島,1.3,1404,1188,540
2026-06-20,広島中央,中国,ごぼう,中国,0.1,,1296,
2026-06-20,広島中央,中国,さつまいも,徳島,0.1,659,,551
2026-06-20,福岡,九州,ごぼう,熊本,3.3,2592,,972
2026-06-20,福岡,九州,ごぼう,中国,1.9,1188,1134,1080
2026-06-20,福岡,九州,さつまいも,宮崎,0.9,2009,,1944
2026-06-20,福岡,九州,さつまいも,熊本,2.1,1512,,1296
2026-06-20,福岡,九州,さといも,鹿児島,0.5,1728,972,562
2026-06-20,北九州,九州,ごぼう,鹿児島,0.6,2484,1620,1620
2026-06-20,北九州,九州,ごぼう,熊本,0.5,,135,
2026-06-20,北九州,九州,さつまいも,茨城,0.2,,2484,
2026-06-20,北九州,九州,さといも,鹿児島,0.1,1620,,1080
2026-06-20,北九州,九州,さといも,宮崎,0.4,,594,
2026-06-20,鹿児島,九州,ごぼう,鹿児島,9.7,1404,1080,972
2026-06-20,鹿児島,九州,さつまいも,熊本,3.5,2592,2376,2268
2026-06-20,鹿児島,九州,さといも,鹿児島,0.1,9180,,8100
2026-06-20,宮崎,九州,さつまいも,宮崎,0.6,,302.4,
2026-06-20,宮崎,九州,さといも,宮崎,0.1,,756.0,
2026-06-22,大田,関東,ごぼう,埼玉,0.3,,173,
2026-06-22,大田,関東,ごぼう,群馬,5.0,,1728,
2026-06-22,大田,関東,さつまいも,高知,0.9,3024,2700,2700
2026-06-22,大田,関東,さつまいも,茨城,30.0,,1512,
2026-06-22,大田,関東,さといも,鹿児島,0.3,,1296,
2026-06-22,横浜本場,関東,ごぼう,青森,2.0,125,,119
2026-06-22,横浜本場,関東,さつまいも,千葉,11.0,1566,1296,1264
2026-06-22,横浜本場,関東,さつまいも,茨城,11.8,1404,,756
2026-06-22,横浜本場,関東,さつまいも,高知,0.3,,2484,
2026-06-22,横浜本場,関東,さといも,千葉,0.9,346,324,302
2026-06-22,大阪本場,関西,ごぼう,群馬,7.8,2484,1836,1404
2026-06-22,大阪本場,関西,ごぼう,鹿児島,2.3,1296,,1134
2026-06-22,大阪本場,関西,さつまいも,徳島,0.2,,1620,
2026-06-22,大阪本場,関西,さつまいも,茨城,12.4,2430,2214,1620
2026-06-22,大阪本場,関西,さといも,長崎,0.4,,1728,
2026-06-22,大阪本場,関西,さといも,鹿児島,0.3,,1674,
2026-06-22,京都,関西,ごぼう,宮崎,1.5,,1512,
2026-06-22,京都,関西,ごぼう,鹿児島,1.1,,1404,
2026-06-22,京都,関西,ごぼう,熊本,0.8,,1296,
2026-06-22,京都,関西,さつまいも,茨城,7.8,2160,,1728
2026-06-22,京都,関西,さつまいも,宮崎,2.5,3564,,3240
2026-06-22,京都,関西,さといも,鹿児島,0.9,,1620,
2026-06-22,神戸本場,関西,ごぼう,青森,0.4,,1782,
2026-06-22,神戸本場,関西,さつまいも,徳島,0.6,,1188,
2026-06-22,神戸本場,関西,さといも,鹿児島,0.1,,1836,
2026-06-22,広島中央,中国,ごぼう,中国,0.1,1404,,1296
2026-06-22,広島中央,中国,さつまいも,徳島,0.1,,551,
2026-06-22,福岡,九州,ごぼう,熊本,2.2,2592,,864
2026-06-22,福岡,九州,ごぼう,中国,1.2,1350,1080,1026
2026-06-22,福岡,九州,さつまいも,宮崎,1.3,2592,2160,1458
2026-06-22,福岡,九州,さつまいも,熊本,9.5,2376,2160,1512
2026-06-22,福岡,九州,さといも,鹿児島,0.4,1296,,1080
2026-06-22,北九州,九州,ごぼう,鹿児島,0.8,5616,,2376
2026-06-22,北九州,九州,ごぼう,熊本,0.5,,130,
2026-06-22,北九州,九州,さつまいも,宮崎,0.2,,2376,
2026-06-22,北九州,九州,さつまいも,熊本,0.8,1609,,1188
2026-06-22,北九州,九州,さつまいも,千葉,0.6,,2484,
2026-06-22,鹿児島,九州,ごぼう,鹿児島,4.4,,1296,
2026-06-22,鹿児島,九州,さつまいも,熊本,2.2,2484,2376,2214
2026-06-22,鹿児島,九州,さといも,鹿児島,0.4,2700,1620,864
2026-06-22,宮崎,九州,さといも,宮崎,1.2,,772.2,
2026-06-23,大田,関東,ごぼう,群馬,2.4,3024,2160,2160
2026-06-23,大田,関東,さつまいも,高知,0.7,3240,2808,2808
2026-06-23,大田,関東,さつまいも,千葉,25.8,2484,2160,1728
2026-06-23,大田,関東,さといも,鹿児島,0.4,,1728,
2026-06-23,横浜本場,関東,ごぼう,青森,2.1,,70,
2026-06-23,横浜本場,関東,さつまいも,千葉,15.7,2160,2160,1782
2026-06-23,横浜本場,関東,さつまいも,茨城,8.9,,648,
2026-06-23,横浜本場,関東,さつまいも,高知,0.1,,2700,
2026-06-23,横浜本場,関東,さといも,千葉,1.2,,270,
2026-06-23,大阪本場,関西,ごぼう,群馬,1.1,2160,,1944
2026-06-23,大阪本場,関西,ごぼう,鹿児島,1.2,1296,,1134
2026-06-23,大阪本場,関西,さつまいも,徳島,0.3,1404,,432
2026-06-23,大阪本場,関西,さつまいも,茨城,12.1,2376,1836,1836
2026-06-23,大阪本場,関西,さといも,鹿児島,0.7,,3780,
2026-06-23,京都,関西,ごぼう,北海道,5.1,,1944,
2026-06-23,京都,関西,ごぼう,鹿児島,0.6,,1404,
2026-06-23,京都,関西,さつまいも,茨城,10.1,2160,,1728
2026-06-23,京都,関西,さつまいも,宮崎,2.5,,3132,
2026-06-23,京都,関西,さといも,鹿児島,0.5,,8964,
2026-06-23,神戸本場,関西,ごぼう,群馬,1.7,3240,,3110
2026-06-23,神戸本場,関西,さつまいも,徳島,0.4,1296,,1188
2026-06-23,神戸本場,関西,さといも,鹿児島,0.1,,1836,
2026-06-23,広島中央,中国,ごぼう,青森,0.1,,378,
2026-06-23,広島中央,中国,さつまいも,徳島,0.1,,551,
2026-06-23,広島中央,中国,さつまいも,鹿児島,0.1,,2160,
2026-06-23,福岡,九州,ごぼう,鹿児島,3.5,2808,,2376
2026-06-23,福岡,九州,ごぼう,中国,2.4,1512,1134,1134
2026-06-23,福岡,九州,さつまいも,熊本,2.7,,1512,
2026-06-23,福岡,九州,さといも,鹿児島,0.2,,3240,
2026-06-23,北九州,九州,ごぼう,鹿児島,0.2,2376,,2268
2026-06-23,北九州,九州,ごぼう,熊本,0.3,,540,
2026-06-23,北九州,九州,さつまいも,千葉,0.4,,2592,
2026-06-23,北九州,九州,さつまいも,熊本,0.3,929,896,864
2026-06-23,北九州,九州,さといも,鹿児島,0.1,1620,1296,1296
2026-06-23,北九州,九州,さといも,中国,0.1,,4104,
2026-06-23,鹿児島,九州,ごぼう,鹿児島,7.5,,2214,
2026-06-23,鹿児島,九州,さつまいも,熊本,5.0,2592,2160,2052
2026-06-23,鹿児島,九州,さといも,鹿児島,0.1,,972,
2026-06-23,宮崎,九州,さつまいも,宮崎,0.3,,324.0,
2026-06-23,宮崎,九州,さといも,宮崎,2.9,,923.4,
2026-06-25,大田,関東,ごぼう,群馬,11.6,3024,,1944
2026-06-25,大田,関東,さつまいも,高知,0.8,3024,,2808
2026-06-25,大田,関東,さつまいも,茨城,35.3,1966,,1944
2026-06-25,大田,関東,さといも,鹿児島,0.8,1944,,1728
2026-06-25,横浜本場,関東,ごぼう,青森,1.3,,2592,
2026-06-25,横浜本場,関東,さつまいも,千葉,22.4,1944,1620,1285
2026-06-25,横浜本場,関東,さつまいも,茨城,15.1,,1404,
2026-06-25,横浜本場,関東,さつまいも,高知,0.2,,2052,
2026-06-25,横浜本場,関東,さといも,鹿児島,0.2,,,
2026-06-25,横浜本場,関東,さといも,千葉,1.0,,270,
2026-06-25,大阪本場,関西,ごぼう,群馬,5.1,2700,2160,1944
2026-06-25,大阪本場,関西,ごぼう,鹿児島,3.7,1404,1404,1296
2026-06-25,大阪本場,関西,さつまいも,徳島,0.1,,1620,
2026-06-25,大阪本場,関西,さつまいも,千葉,14.7,1944,1944,1836
2026-06-25,大阪本場,関西,さといも,鹿児島,0.5,,1512,
2026-06-25,大阪本場,関西,さといも,沖縄,0.2,,1080,
2026-06-25,京都,関西,ごぼう,宮崎,1.6,,1512,
2026-06-25,京都,関西,ごぼう,北海道,3.1,,1782,
2026-06-25,京都,関西,ごぼう,鹿児島,0.9,,1404,
2026-06-25,京都,関西,さつまいも,茨城,9.5,2160,,1728
2026-06-25,京都,関西,さつまいも,千葉,7.2,1944,1944,1728
2026-06-25,京都,関西,さといも,鹿児島,0.4,,1080,
2026-06-25,神戸本場,関西,ごぼう,群馬,0.2,,3240,
2026-06-25,神戸本場,関西,さつまいも,徳島,0.6,1728,1188,864
2026-06-25,神戸本場,関西,さといも,鹿児島,0.1,,1836,
2026-06-25,広島中央,中国,さつまいも,熊本,1.9,,238,
2026-06-25,広島中央,中国,さつまいも,徳島,0.1,,551,
2026-06-25,福岡,九州,ごぼう,熊本,2.2,2592,,864
2026-06-25,福岡,九州,ごぼう,鹿児島,2.2,2808,2592,2376
2026-06-25,福岡,九州,さつまいも,宮崎,1.0,2376,1620,864
2026-06-25,福岡,九州,さつまいも,熊本,9.3,2376,1944,1728
2026-06-25,福岡,九州,さといも,鹿児島,0.2,1512,,1296
2026-06-25,北九州,九州,ごぼう,鹿児島,0.4,2376,,2160
2026-06-25,北九州,九州,ごぼう,熊本,0.7,,540,
2026-06-25,北九州,九州,さつまいも,宮崎,0.3,,2808,
2026-06-25,北九州,九州,さつまいも,千葉,1.7,2484,,2160
2026-06-25,北九州,九州,さといも,鹿児島,0.1,1620,1620,1404
2026-06-25,北九州,九州,さといも,宮崎,0.4,,702,
2026-06-25,鹿児島,九州,ごぼう,鹿児島,13.0,1728,,1620
2026-06-25,鹿児島,九州,さつまいも,熊本,2.4,2484,2052,2052
2026-06-25,鹿児島,九州,さといも,鹿児島,0.2,7020,,6480
2026-06-25,宮崎,九州,さといも,宮崎,2.6,,864.0,
2026-06-26,大田,関東,ごぼう,埼玉,0.1,,54,
2026-06-26,大田,関東,ごぼう,群馬,2.3,,1728,
2026-06-26,大田,関東,さつまいも,高知,0.4,3024,2700,2700
2026-06-26,大田,関東,さつまいも,茨城,25.1,2160,,1944
2026-06-26,大田,関東,さといも,鹿児島,0.7,,1728,
2026-06-26,横浜本場,関東,ごぼう,青森,1.3,194,119,119
2026-06-26,横浜本場,関東,さつまいも,千葉,13.5,2160,1296,1242
2026-06-26,横浜本場,関東,さつまいも,茨城,9.5,,1404,
2026-06-26,横浜本場,関東,さつまいも,高知,0.1,,2700,
2026-06-26,横浜本場,関東,さといも,鹿児島,0.1,,,
2026-06-26,横浜本場,関東,さといも,千葉,0.7,,270,
2026-06-26,大阪本場,関西,ごぼう,群馬,1.2,2160,,1944
2026-06-26,大阪本場,関西,ごぼう,鹿児島,1.3,1296,1296,1188
2026-06-26,大阪本場,関西,さつまいも,徳島,0.1,,1620,
2026-06-26,大阪本場,関西,さつまいも,茨城,16.5,2376,1836,1836
2026-06-26,大阪本場,関西,さといも,鹿児島,0.7,1728,,1512
2026-06-26,大阪本場,関西,さといも,沖縄,0.1,,864,
2026-06-26,京都,関西,ごぼう,宮崎,1.3,,756,
2026-06-26,京都,関西,ごぼう,鹿児島,0.7,,1404,
2026-06-26,京都,関西,ごぼう,中国,0.1,,3024,
2026-06-26,京都,関西,さつまいも,茨城,5.6,,2160,
2026-06-26,京都,関西,さといも,鹿児島,0.7,,1620,
2026-06-26,神戸本場,関西,ごぼう,青森,0.6,,1782,
2026-06-26,神戸本場,関西,さつまいも,徳島,0.6,1188,,1080
2026-06-26,神戸本場,関西,さといも,鹿児島,0.1,,1836,
2026-06-26,広島中央,中国,ごぼう,中国,0.3,1404,,1296
2026-06-26,広島中央,中国,さつまいも,鹿児島,0.2,,2700,
2026-06-26,広島中央,中国,さつまいも,徳島,0.1,,551,
2026-06-26,福岡,九州,ごぼう,熊本,1.7,756,,648
2026-06-26,福岡,九州,ごぼう,中国,1.4,1512,,1134
2026-06-26,福岡,九州,さつまいも,宮崎,0.7,,1728,
2026-06-26,福岡,九州,さつまいも,熊本,2.1,2592,2376,1728
2026-06-26,福岡,九州,さといも,鹿児島,0.5,1728,,1620
2026-06-26,北九州,九州,ごぼう,鹿児島,0.2,2484,,2376
2026-06-26,北九州,九州,ごぼう,熊本,0.6,146,,140
2026-06-26,北九州,九州,さつまいも,千葉,0.6,,1771,
2026-06-26,北九州,九州,さつまいも,茨城,0.4,,1404,
2026-06-26,北九州,九州,さといも,鹿児島,0.2,1404,,1296
2026-06-26,北九州,九州,さといも,中国,0.1,4104,,3888
2026-06-26,鹿児島,九州,ごぼう,鹿児島,3.6,1944,,1728
2026-06-26,鹿児島,九州,さつまいも,熊本,3.4,1890,1782,1782
2026-06-26,鹿児島,九州,さといも,鹿児島,0.4,7020,,6480
2026-06-26,宮崎,九州,さつまいも,宮崎,0.8,,356.4,
2026-06-27,大田,関東,ごぼう,群馬,1.6,,1728,
2026-06-27,大田,関東,さつまいも,高知,0.5,3240,2808,2808
2026-06-27,大田,関東,さつまいも,茨城,24.2,1966,,1944
2026-06-27,大田,関東,さといも,鹿児島,1.0,1944,,1728
2026-06-27,横浜本場,関東,ごぼう,青森,1.7,125,,119
2026-06-27,横浜本場,関東,さつまいも,千葉,15.3,2160,2160,1944
2026-06-27,横浜本場,関東,さつまいも,茨城,12.7,,1620,
2026-06-27,横浜本場,関東,さつまいも,高知,0.1,,2700,
2026-06-27,横浜本場,関東,さといも,鹿児島,0.3,,,
2026-06-27,横浜本場,関東,さといも,千葉,1.5,346,302,173
2026-06-27,大阪本場,関西,ごぼう,群馬,5.9,2160,2160,1944
2026-06-27,大阪本場,関西,ごぼう,鹿児島,2.8,1404,1404,1296
2026-06-27,大阪本場,関西,さつまいも,徳島,0.1,,1620,
2026-06-27,大阪本場,関西,さつまいも,千葉,13.5,1944,1836,1080
2026-06-27,大阪本場,関西,さといも,鹿児島,0.3,,1512,
2026-06-27,京都,関西,ごぼう,宮崎,2.0,,1404,
2026-06-27,京都,関西,ごぼう,鹿児島,0.5,,1404,
2026-06-27,京都,関西,ごぼう,青森,0.2,151,,143
2026-06-27,京都,関西,さつまいも,茨城,19.0,2160,,1728
2026-06-27,京都,関西,さつまいも,宮崎,2.0,,3132,
2026-06-27,京都,関西,さといも,鹿児島,0.3,,1404,
2026-06-27,神戸本場,関西,ごぼう,青森,0.2,,1782,
2026-06-27,神戸本場,関西,さつまいも,徳島,0.7,1296,1188,1080
2026-06-27,神戸本場,関西,さといも,鹿児島,0.1,,1836,
2026-06-27,広島中央,中国,ごぼう,中国,0.1,1404,,1296
2026-06-27,広島中央,中国,さつまいも,徳島,0.2,,443,
2026-06-27,福岡,九州,ごぼう,鹿児島,2.2,3024,,2592
2026-06-27,福岡,九州,ごぼう,中国,1.3,1188,1080,1080
2026-06-27,福岡,九州,さつまいも,宮崎,0.3,,1620,
2026-06-27,福岡,九州,さつまいも,熊本,2.6,2700,1944,1944
2026-06-27,福岡,九州,さといも,鹿児島,0.3,1728,1080,1080
2026-06-27,北九州,九州,ごぼう,鹿児島,1.4,,1620,
2026-06-27,北九州,九州,ごぼう,宮崎,1.1,,162,
2026-06-27,北九州,九州,さつまいも,宮崎,0.4,,2808,
2026-06-27,北九州,九州,さつまいも,熊本,1.3,,1404,
2026-06-27,北九州,九州,さつまいも,千葉,0.7,,2808,
2026-06-27,北九州,九州,さといも,鹿児島,0.1,1620,,1404
2026-06-27,北九州,九州,さといも,宮崎,0.4,,702,
2026-06-27,鹿児島,九州,ごぼう,鹿児島,6.3,1944,,1728
2026-06-27,鹿児島,九州,さつまいも,熊本,2.1,2376,2160,2052
2026-06-29,大田,関東,ごぼう,青森,3.2,,167,
2026-06-29,大田,関東,さつまいも,高知,0.2,3240,,2808
2026-06-29,大田,関東,さつまいも,茨城,30.8,,1512,
2026-06-29,大田,関東,さといも,鹿児島,0.7,1944,,1728
2026-06-29,横浜本場,関東,ごぼう,青森,1.3,,84,
2026-06-29,横浜本場,関東,さつまいも,千葉,13.1,2160,1296,1188
2026-06-29,横浜本場,関東,さつまいも,茨城,11.7,,1404,
2026-06-29,横浜本場,関東,さつまいも,高知,0.1,,2484,
2026-06-29,横浜本場,関東,さといも,千葉,1.8,270,,32
2026-06-29,大阪本場,関西,ごぼう,群馬,0.4,,2052,
2026-06-29,大阪本場,関西,ごぼう,鹿児島,2.1,1296,1296,1188
2026-06-29,大阪本場,関西,さつまいも,徳島,0.3,3024,3024,2592
2026-06-29,大阪本場,関西,さつまいも,茨城,13.8,2322,2214,1836
2026-06-29,大阪本場,関西,さといも,鹿児島,1.0,1512,,1404
2026-06-29,大阪本場,関西,さといも,宮崎,0.1,648,,540
2026-06-29,京都,関西,ごぼう,宮崎,2.1,,756,
2026-06-29,京都,関西,ごぼう,鹿児島,0.9,,1404,
2026-06-29,京都,関西,ごぼう,青森,0.5,,151,
2026-06-29,京都,関西,さつまいも,茨城,8.4,,2160,
2026-06-29,京都,関西,さといも,鹿児島,1.3,,1944,
2026-06-29,神戸本場,関西,ごぼう,青森,0.4,,1782,
2026-06-29,神戸本場,関西,さつまいも,徳島,0.4,1188,,1080
2026-06-29,広島中央,中国,さつまいも,熊本,3.9,,1728,
2026-06-29,広島中央,中国,さつまいも,徳島,0.2,,443,
2026-06-29,福岡,九州,ごぼう,熊本,1.0,,756,
2026-06-29,福岡,九州,ごぼう,鹿児島,1.0,2808,,2376
2026-06-29,福岡,九州,さつまいも,宮崎,2.0,1944,1944,1728
2026-06-29,福岡,九州,さつまいも,熊本,9.3,2376,2160,1620
2026-06-29,福岡,九州,さといも,鹿児島,0.4,,1728,
2026-06-29,北九州,九州,ごぼう,鹿児島,0.5,,2376,
2026-06-29,北九州,九州,ごぼう,青森,0.3,,97,
2026-06-29,北九州,九州,さつまいも,熊本,0.9,,497,
2026-06-29,北九州,九州,さつまいも,千葉,0.9,,2808,
2026-06-29,北九州,九州,さといも,鹿児島,0.1,864,,756
2026-06-29,鹿児島,九州,ごぼう,鹿児島,6.4,,1728,
2026-06-29,鹿児島,九州,さつまいも,熊本,4.1,1944,1782,1782
2026-06-29,鹿児島,九州,さといも,鹿児島,0.2,6480,,6156
2026-06-29,宮崎,九州,さといも,宮崎,1.7,,756.0,
2026-06-30,大田,関東,ごぼう,鹿児島,2.1,1296,1188,1080
2026-06-30,大田,関東,さつまいも,高知,0.3,2808,,2700
2026-06-30,大田,関東,さつまいも,茨城,35.6,,1728,
2026-06-30,大田,関東,さといも,鹿児島,0.5,,1728,
2026-06-30,横浜本場,関東,ごぼう,青森,1.9,,70,
2026-06-30,横浜本場,関東,さつまいも,千葉,16.3,2160,1944,1782
2026-06-30,横浜本場,関東,さつまいも,茨城,19.0,,1836,
2026-06-30,横浜本場,関東,さつまいも,高知,0.1,,2700,
2026-06-30,横浜本場,関東,さといも,千葉,0.5,324,324,302
2026-06-30,大阪本場,関西,ごぼう,群馬,1.6,,648,
2026-06-30,大阪本場,関西,ごぼう,鹿児島,1.3,1296,1296,1188
2026-06-30,大阪本場,関西,さつまいも,茨城,12.8,2160,1836,1836
2026-06-30,大阪本場,関西,さといも,鹿児島,0.1,,648,
2026-06-30,京都,関西,ごぼう,鹿児島,0.8,,1404,
2026-06-30,京都,関西,さつまいも,茨城,10.3,,1728,
2026-06-30,京都,関西,さつまいも,宮崎,3.0,,3024,
2026-06-30,京都,関西,さといも,鹿児島,0.1,,293,
2026-06-30,神戸本場,関西,ごぼう,青森,0.5,,1782,
2026-06-30,神戸本場,関西,さつまいも,徳島,0.7,1728,1188,1080
2026-06-30,広島中央,中国,ごぼう,宮崎,1.3,,464,
2026-06-30,広島中央,中国,さつまいも,徳島,0.1,,443,
2026-06-30,福岡,九州,ごぼう,鹿児島,2.1,,,
2026-06-30,福岡,九州,ごぼう,中国,1.5,1404,1080,1080
2026-06-30,福岡,九州,さつまいも,宮崎,1.1,1944,,1588
2026-06-30,福岡,九州,さつまいも,熊本,2.6,,1512,
2026-06-30,福岡,九州,さといも,鹿児島,0.2,,1512,
2026-06-30,北九州,九州,ごぼう,鹿児島,0.3,,2376,
2026-06-30,北九州,九州,ごぼう,青森,0.4,,97,
2026-06-30,鹿児島,九州,ごぼう,鹿児島,7.8,2376,2376,2214
2026-06-30,鹿児島,九州,さつまいも,熊本,1.9,2376,1890,1890
2026-06-30,鹿児島,九州,さといも,鹿児島,0.2,5940,,5724
2026-06-30,宮崎,九州,さといも,宮崎,3.3,,702.0,
2026-07-02,大田,関東,ごぼう,群馬,8.6,,3024,
2026-07-02,大田,関東,ごぼう,鹿児島,2.5,1296,1188,1080
2026-07-02,大田,関東,さつまいも,高知,1.0,2808,,2700
2026-07-02,大田,関東,さつまいも,茨城,38.2,,1512,
2026-07-02,大田,関東,さといも,宮崎,0.3,486,,432
2026-07-02,横浜本場,関東,ごぼう,青森,1.8,125,,119
2026-07-02,横浜本場,関東,ごぼう,鹿児島,1.0,1242,,1134
2026-07-02,横浜本場,関東,さつまいも,千葉,23.6,1944,1296,1188
2026-07-02,大阪本場,関西,ごぼう,鹿児島,7.3,,2484,
2026-07-02,大阪本場,関西,ごぼう,群馬,3.1,2160,,1944
2026-07-02,大阪本場,関西,ごぼう,青森,0.4,1728,,1620
2026-07-02,大阪本場,関西,さつまいも,徳島,1.3,3240,,2808
2026-07-02,大阪本場,関西,さつまいも,宮崎,1.9,,2700,
2026-07-02,大阪本場,関西,さつまいも,千葉,20.3,2268,2160,1404
2026-07-02,大阪本場,関西,さといも,鹿児島,1.3,1728,,1512
2026-07-02,京都,関西,ごぼう,宮崎,0.4,97,97,86
2026-07-02,京都,関西,ごぼう,鹿児島,0.9,1296,1188,1026
2026-07-02,京都,関西,さつまいも,宮崎,3.1,,3024,
2026-07-02,京都,関西,さつまいも,徳島,3.0,3618,2700,1944
2026-07-02,京都,関西,さといも,鹿児島,1.1,,1728,
2026-07-02,京都,関西,さといも,宮崎,0.1,,3780,
2026-07-02,神戸本場,関西,さつまいも,徳島,1.9,3024,2592,1188
2026-07-02,神戸本場,関西,さといも,中国,0.2,3672,3240,3240
2026-07-02,広島中央,中国,ごぼう,宮崎,1.2,,1350,
2026-07-02,広島中央,中国,さつまいも,徳島,0.6,2408,2408,2279
2026-07-02,福岡,九州,ごぼう,鹿児島,4.3,2700,2160,2160
2026-07-02,福岡,九州,ごぼう,中国,0.9,1512,,1134
2026-07-02,福岡,九州,さつまいも,宮崎,1.2,2376,1944,1620
2026-07-02,福岡,九州,さつまいも,熊本,12.0,2376,2376,2160
2026-07-02,福岡,九州,さといも,中国,0.3,3402,3186,3186
2026-07-02,北九州,九州,ごぼう,鹿児島,0.2,,2376,
2026-07-02,北九州,九州,ごぼう,熊本,0.1,120,,111
2026-07-02,北九州,九州,さつまいも,宮崎,1.0,,2808,
2026-07-02,北九州,九州,さつまいも,熊本,0.7,,551,
2026-07-02,北九州,九州,さといも,鹿児島,0.2,864,648,648
2026-07-02,鹿児島,九州,ごぼう,鹿児島,8.1,,383,
2026-07-02,鹿児島,九州,さつまいも,熊本,2.3,2376,2160,1944
2026-07-02,鹿児島,九州,さといも,鹿児島,0.4,6048,5940,5724
2026-07-02,宮崎,九州,さつまいも,宮崎,0.4,,356.4,
2026-07-02,宮崎,九州,さといも,宮崎,7.0,,577.8,
2026-07-03,大田,関東,ごぼう,群馬,0.9,,3024,
2026-07-03,大田,関東,ごぼう,鹿児島,1.7,1296,1188,1080
2026-07-03,大田,関東,さつまいも,高知,0.6,2808,2700,2160
2026-07-03,大田,関東,さつまいも,茨城,23.3,1944,1944,1836
2026-07-03,大田,関東,さといも,宮崎,0.1,140,,130
2026-07-03,横浜本場,関東,ごぼう,青森,1.6,140,140,124
2026-07-03,横浜本場,関東,ごぼう,鹿児島,0.7,1296,,1188
2026-07-03,横浜本場,関東,さつまいも,千葉,8.8,2160,1944,1512
2026-07-03,大阪本場,関西,ごぼう,鹿児島,1.5,1296,,1188
2026-07-03,大阪本場,関西,ごぼう,群馬,1.3,2700,1944,1944
2026-07-03,大阪本場,関西,さつまいも,徳島,0.6,3240,3024,2808
2026-07-03,大阪本場,関西,さつまいも,宮崎,1.9,,2700,
2026-07-03,大阪本場,関西,さつまいも,茨城,16.2,1944,1836,1620
2026-07-03,大阪本場,関西,さといも,鹿児島,0.6,1620,,1404
2026-07-03,大阪本場,関西,さといも,宮崎,0.1,,3240,
2026-07-03,京都,関西,ごぼう,宮崎,0.3,,864,
2026-07-03,京都,関西,ごぼう,鹿児島,0.5,1296,1188,1026
2026-07-03,京都,関西,さつまいも,宮崎,2.4,,3024,
2026-07-03,京都,関西,さつまいも,徳島,1.9,2808,2700,1944
2026-07-03,京都,関西,さといも,鹿児島,0.6,,1620,
2026-07-03,神戸本場,関西,さつまいも,徳島,1.2,,2160,
2026-07-03,神戸本場,関西,さといも,中国,0.1,,3240,
2026-07-03,広島中央,中国,ごぼう,中国,0.1,1404,,1296
2026-07-03,広島中央,中国,さつまいも,徳島,0.2,2376,2160,1836
2026-07-03,広島中央,中国,さつまいも,熊本,0.1,,2700,
2026-07-03,福岡,九州,ごぼう,鹿児島,2.4,,1922,
2026-07-03,福岡,九州,ごぼう,中国,1.5,1188,1134,1080
2026-07-03,福岡,九州,さつまいも,熊本,1.9,2592,2376,2160
2026-07-03,福岡,九州,さといも,鹿児島,0.6,1728,713,691
2026-07-03,北九州,九州,ごぼう,鹿児島,0.3,,2376,
2026-07-03,北九州,九州,ごぼう,宮崎,0.7,,4860,
2026-07-03,北九州,九州,さつまいも,宮崎,0.9,,2376,
2026-07-03,北九州,九州,さつまいも,千葉,0.7,,1944,
2026-07-03,北九州,九州,さといも,鹿児島,0.3,1512,1188,1188
2026-07-03,鹿児島,九州,ごぼう,鹿児島,3.4,,1944,
2026-07-03,鹿児島,九州,さつまいも,熊本,3.6,2484,1998,1998
2026-07-03,鹿児島,九州,さといも,鹿児島,0.3,6480,6480,6264
2026-07-03,宮崎,九州,さつまいも,宮崎,0.3,,356.4,
2026-07-03,宮崎,九州,さといも,宮崎,4.7,,540.0,
2026-07-04,大田,関東,ごぼう,群馬,3.0,,3024,
2026-07-04,大田,関東,ごぼう,鹿児島,1.9,1296,1188,1080
2026-07-04,大田,関東,さつまいも,高知,0.8,3024,,2700
2026-07-04,大田,関東,さつまいも,千葉,27.5,2484,2160,1728
2026-07-04,大田,関東,さといも,宮崎,0.4,,405,
2026-07-04,横浜本場,関東,ごぼう,青森,1.5,194,,125
2026-07-04,横浜本場,関東,ごぼう,鹿児島,1.0,,1188,
2026-07-04,横浜本場,関東,さつまいも,千葉,17.5,2160,1296,1242
2026-07-04,横浜本場,関東,さといも,宮崎,0.2,,881,
2026-07-04,大阪本場,関西,ごぼう,鹿児島,2.5,1512,1188,1080
2026-07-04,大阪本場,関西,ごぼう,群馬,3.8,2160,,1944
2026-07-04,大阪本場,関西,ごぼう,熊本,0.3,,1188,
2026-07-04,大阪本場,関西,さつまいも,徳島,1.2,3240,,2592
2026-07-04,大阪本場,関西,さつまいも,宮崎,1.9,2916,,2376
2026-07-04,大阪本場,関西,さつまいも,千葉,15.2,2160,2052,1404
2026-07-04,大阪本場,関西,さといも,鹿児島,0.6,1620,,1404
2026-07-04,京都,関西,ごぼう,宮崎,0.9,,100,
2026-07-04,京都,関西,ごぼう,鹿児島,0.5,,1296,
2026-07-04,京都,関西,さつまいも,宮崎,1.6,,2808,
2026-07-04,京都,関西,さつまいも,徳島,2.7,3240,2700,864
2026-07-04,京都,関西,さといも,鹿児島,1.1,,1620,
2026-07-04,京都,関西,さといも,宮崎,0.2,,3780,
2026-07-04,神戸本場,関西,さつまいも,徳島,1.8,2808,2592,2484
2026-07-04,神戸本場,関西,さといも,中国,0.2,,3240,
2026-07-04,広島中央,中国,ごぼう,中国,0.1,,1296,
2026-07-04,広島中央,中国,さつまいも,熊本,1.3,,1404,
2026-07-04,広島中央,中国,さつまいも,徳島,0.1,1922,,1858
2026-07-04,福岡,九州,ごぼう,鹿児島,2.4,3024,2376,2376
2026-07-04,福岡,九州,ごぼう,中国,1.6,1188,1134,1080
2026-07-04,福岡,九州,さつまいも,宮崎,1.8,2160,1728,1728
2026-07-04,福岡,九州,さつまいも,熊本,3.4,2160,,1512
2026-07-04,福岡,九州,さといも,中国,0.2,3402,3294,3186
2026-07-04,北九州,九州,ごぼう,鹿児島,0.4,,2376,
2026-07-04,北九州,九州,ごぼう,宮崎,1.4,,162,
2026-07-04,北九州,九州,さつまいも,宮崎,1.7,2376,2268,2160
2026-07-04,北九州,九州,さつまいも,千葉,0.6,,2808,
2026-07-04,北九州,九州,さといも,宮崎,0.2,,356,
2026-07-04,北九州,九州,さといも,鹿児島,0.4,1512,1080,1080
2026-07-04,鹿児島,九州,ごぼう,鹿児島,5.0,,2160,
2026-07-04,鹿児島,九州,さつまいも,熊本,4.7,2484,2052,2052
2026-07-04,鹿児島,九州,さといも,中国,1.2,,3240,
2026-07-04,宮崎,九州,さといも,宮崎,4.3,,475.2,
2026-07-06,大田,関東,ごぼう,群馬,3.0,,3024,
2026-07-06,大田,関東,ごぼう,鹿児島,2.6,1296,1188,1080
2026-07-06,大田,関東,さつまいも,高知,0.5,,2700,
2026-07-06,大田,関東,さつまいも,茨城,21.2,2160,1944,1836
2026-07-06,大田,関東,さといも,宮崎,0.5,432,405,362
2026-07-06,横浜本場,関東,ごぼう,青森,1.9,,125,
2026-07-06,横浜本場,関東,ごぼう,宮崎,0.2,,151,
2026-07-06,横浜本場,関東,さつまいも,千葉,14.3,2160,1836,1782
2026-07-06,横浜本場,関東,さといも,宮崎,0.2,7560,,7344
2026-07-06,大阪本場,関西,ごぼう,鹿児島,4.2,1480,1480,1188
2026-07-06,大阪本場,関西,ごぼう,群馬,4.7,2160,2160,1512
2026-07-06,大阪本場,関西,ごぼう,熊本,0.3,,1188,
2026-07-06,大阪本場,関西,さつまいも,徳島,1.7,3240,,2160
2026-07-06,大阪本場,関西,さつまいも,宮崎,1.3,,,
2026-07-06,大阪本場,関西,さつまいも,千葉,16.2,1944,1836,1296
2026-07-06,大阪本場,関西,さといも,鹿児島,0.6,,1080,
2026-07-06,大阪本場,関西,さといも,宮崎,0.1,,1242,
2026-07-06,京都,関西,ごぼう,宮崎,2.3,,1080,
2026-07-06,京都,関西,ごぼう,鹿児島,0.9,,1080,
2026-07-06,京都,関西,さつまいも,宮崎,2.2,,2808,
2026-07-06,京都,関西,さつまいも,徳島,2.5,2916,2592,2484
2026-07-06,京都,関西,さといも,鹿児島,0.9,,1620,
2026-07-06,京都,関西,さといも,宮崎,0.1,,2700,
2026-07-06,神戸本場,関西,さつまいも,徳島,2.2,2592,2376,864
2026-07-06,神戸本場,関西,さといも,愛媛,0.1,1620,1296,1296
2026-07-06,広島中央,中国,ごぼう,中国,0.1,,1296,
2026-07-06,福岡,九州,ごぼう,鹿児島,1.6,2808,2592,2376
2026-07-06,福岡,九州,ごぼう,中国,1.5,,1134,
2026-07-06,福岡,九州,さつまいも,宮崎,1.7,2376,2376,1944
2026-07-06,福岡,九州,さつまいも,熊本,6.7,2376,2160,1620
2026-07-06,福岡,九州,さといも,鹿児島,0.5,1512,,1404
2026-07-06,北九州,九州,ごぼう,鹿児島,0.6,4860,,2376
2026-07-06,北九州,九州,ごぼう,宮崎,1.0,,5400,
2026-07-06,北九州,九州,さつまいも,宮崎,0.2,,2376,
2026-07-06,北九州,九州,さつまいも,千葉,1.0,,2808,
2026-07-06,北九州,九州,さといも,中国,0.1,,4104,
2026-07-06,鹿児島,九州,ごぼう,鹿児島,3.8,,1836,
2026-07-06,鹿児島,九州,さつまいも,熊本,2.6,2376,2214,2214
2026-07-06,鹿児島,九州,さといも,鹿児島,0.5,5940,5400,5184
2026-07-06,宮崎,九州,さつまいも,宮崎,0.4,,367.2,
2026-07-06,宮崎,九州,さといも,宮崎,6.8,,388.8,
2026-07-07,大田,関東,ごぼう,群馬,2.8,,3024,
2026-07-07,大田,関東,ごぼう,鹿児島,1.9,1296,1188,1080
2026-07-07,大田,関東,さつまいも,高知,1.0,,3024,
2026-07-07,大田,関東,さつまいも,茨城,30.9,1966,,1944
2026-07-07,大田,関東,さといも,宮崎,0.2,140,,130
2026-07-07,横浜本場,関東,ごぼう,青森,1.9,,81,
2026-07-07,横浜本場,関東,ごぼう,宮崎,0.2,,151,
2026-07-07,横浜本場,関東,さつまいも,千葉,14.6,1944,,918
2026-07-07,横浜本場,関東,さといも,宮崎,0.3,,7128,
2026-07-07,大阪本場,関西,ごぼう,鹿児島,2.0,1512,1296,1188
2026-07-07,大阪本場,関西,ごぼう,群馬,2.1,2160,,1944
2026-07-07,大阪本場,関西,ごぼう,青森,0.4,,1728,
2026-07-07,大阪本場,関西,さつまいも,徳島,9.6,3024,2484,2376
2026-07-07,大阪本場,関西,さつまいも,宮崎,1.9,,2484,
2026-07-07,大阪本場,関西,さつまいも,茨城,14.9,2322,1728,1080
2026-07-07,大阪本場,関西,さといも,鹿児島,0.5,,1620,
2026-07-07,京都,関西,ごぼう,宮崎,0.5,,2484,
2026-07-07,京都,関西,ごぼう,鹿児島,0.8,,1296,
2026-07-07,京都,関西,さつまいも,宮崎,1.4,,2700,
2026-07-07,京都,関西,さつまいも,徳島,2.4,,2700,
2026-07-07,京都,関西,さといも,鹿児島,0.9,,1620,
2026-07-07,京都,関西,さといも,宮崎,0.1,,1620,
2026-07-07,神戸本場,関西,さつまいも,徳島,1.1,2808,2376,2268
2026-07-07,神戸本場,関西,さといも,中国,0.3,3564,,3240
2026-07-07,広島中央,中国,ごぼう,宮崎,0.5,,173,
2026-07-07,福岡,九州,ごぼう,鹿児島,4.8,2808,2376,2376
2026-07-07,福岡,九州,ごぼう,中国,2.8,1512,1134,1026
2026-07-07,福岡,九州,さつまいも,宮崎,1.5,2808,1944,1944
2026-07-07,福岡,九州,さつまいも,熊本,3.3,2376,1512,1512
2026-07-07,福岡,九州,さといも,鹿児島,0.4,1728,864,864
2026-07-07,北九州,九州,ごぼう,鹿児島,0.7,5400,5400,2160
2026-07-07,北九州,九州,ごぼう,宮崎,0.5,,5400,
2026-07-07,北九州,九州,さつまいも,宮崎,0.4,,2376,
2026-07-07,北九州,九州,さつまいも,千葉,1.1,,2808,
2026-07-07,北九州,九州,さといも,鹿児島,0.4,1296,1080,756
2026-07-07,鹿児島,九州,ごぼう,鹿児島,4.8,,2052,
2026-07-07,鹿児島,九州,さつまいも,熊本,2.9,2376,2160,2052
2026-07-07,鹿児島,九州,さといも,鹿児島,0.6,5184,5076,4860
2026-07-07,宮崎,九州,さといも,宮崎,3.6,,378.0,
2026-07-09,大田,関東,ごぼう,群馬,2.2,,3024,
2026-07-09,大田,関東,ごぼう,鹿児島,3.0,1296,1188,1134
2026-07-09,大田,関東,さつまいも,高知,0.6,2808,,2700
2026-07-09,大田,関東,さつまいも,茨城,37.4,,1944,
2026-07-09,大田,関東,さといも,宮崎,0.5,432,324,162
2026-07-09,横浜本場,関東,ごぼう,青森,1.3,194,54,54
2026-07-09,横浜本場,関東,ごぼう,宮崎,0.2,,157,
2026-07-09,横浜本場,関東,さつまいも,千葉,24.3,1944,1782,1296
2026-07-09,横浜本場,関東,さといも,宮崎,0.6,,6696,
2026-07-09,大阪本場,関西,ごぼう,鹿児島,5.8,1836,1404,1188
2026-07-09,大阪本場,関西,ごぼう,群馬,2.9,2160,,1944
2026-07-09,大阪本場,関西,さつまいも,徳島,8.1,3024,2700,2484
2026-07-09,大阪本場,関西,さつまいも,宮崎,3.5,,1296,
2026-07-09,大阪本場,関西,さつまいも,千葉,11.9,1836,1836,1080
2026-07-09,大阪本場,関西,さといも,鹿児島,1.3,,1512,
2026-07-09,大阪本場,関西,さといも,宮崎,0.1,,1080,
2026-07-09,京都,関西,ごぼう,宮崎,1.2,1296,,1188
2026-07-09,京都,関西,ごぼう,鹿児島,1.9,,2700,
2026-07-09,京都,関西,さつまいも,宮崎,2.5,,2700,
2026-07-09,京都,関西,さつまいも,徳島,3.1,2916,2700,2646
2026-07-09,京都,関西,さといも,鹿児島,1.3,,1620,
2026-07-09,神戸本場,関西,さつまいも,徳島,2.7,2268,,2160
2026-07-09,神戸本場,関西,さといも,愛媛,0.1,1512,1512,1404
2026-07-09,広島中央,中国,ごぼう,宮崎,0.8,,173,
2026-07-09,広島中央,中国,さつまいも,徳島,0.2,2700,,2484
2026-07-09,福岡,九州,ごぼう,鹿児島,3.8,2808,2160,2160
2026-07-09,福岡,九州,ごぼう,中国,1.0,1188,1080,1080
2026-07-09,福岡,九州,さつまいも,宮崎,1.2,2376,2376,1728
2026-07-09,福岡,九州,さつまいも,熊本,13.4,2592,2376,2160
2026-07-09,福岡,九州,さといも,鹿児島,0.9,,864,
2026-07-09,北九州,九州,ごぼう,宮崎,1.0,,120,
2026-07-09,北九州,九州,さつまいも,宮崎,1.1,,2160,
2026-07-09,北九州,九州,さつまいも,熊本,0.6,,2700,
2026-07-09,北九州,九州,さといも,鹿児島,0.1,648,,540
2026-07-09,鹿児島,九州,ごぼう,鹿児島,7.3,1836,,1728
2026-07-09,鹿児島,九州,さつまいも,熊本,3.2,2160,1944,1782
2026-07-09,鹿児島,九州,さといも,鹿児島,0.3,4752,,4644
2026-07-09,宮崎,九州,さといも,宮崎,8.6,,356.4,
2026-07-10,大田,関東,ごぼう,群馬,2.9,,3024,
2026-07-10,大田,関東,ごぼう,鹿児島,1.9,1296,,1188
2026-07-10,大田,関東,さつまいも,高知,0.4,2376,1404,1296
2026-07-10,大田,関東,さつまいも,茨城,30.7,,1944,
2026-07-10,横浜本場,関東,ごぼう,青森,1.3,125,,65
2026-07-10,横浜本場,関東,ごぼう,鹿児島,0.8,,1242,
2026-07-10,横浜本場,関東,さつまいも,茨城,10.3,,1944,
2026-07-10,横浜本場,関東,さといも,宮崎,0.1,,5880,
2026-07-10,大阪本場,関西,ごぼう,鹿児島,2.3,1296,1188,1026
2026-07-10,大阪本場,関西,ごぼう,群馬,4.4,2700,2700,1944
2026-07-10,大阪本場,関西,ごぼう,宮崎,0.5,,2700,
2026-07-10,大阪本場,関西,さつまいも,徳島,7.7,3024,2700,1728
2026-07-10,大阪本場,関西,さつまいも,宮崎,1.9,,2268,
2026-07-10,大阪本場,関西,さつまいも,茨城,14.2,2160,1728,1620
2026-07-10,大阪本場,関西,さといも,鹿児島,1.2,1512,1296,864
2026-07-10,京都,関西,ごぼう,宮崎,0.3,,756,
2026-07-10,京都,関西,ごぼう,鹿児島,0.5,1296,1188,1026
2026-07-10,京都,関西,さつまいも,徳島,1.8,2808,2646,2484
2026-07-10,京都,関西,さといも,鹿児島,0.8,,1404,
2026-07-10,神戸本場,関西,さつまいも,徳島,2.0,2214,,2160
2026-07-10,神戸本場,関西,さといも,中国,0.2,3564,,3240
2026-07-10,広島中央,中国,さつまいも,熊本,2.4,,238,
2026-07-10,広島中央,中国,さつまいも,徳島,0.1,,2484,
2026-07-10,福岡,九州,ごぼう,鹿児島,2.3,2808,,2592
2026-07-10,福岡,九州,さつまいも,宮崎,0.9,2376,1620,1620
2026-07-10,福岡,九州,さつまいも,熊本,2.5,2376,1728,1728
2026-07-10,福岡,九州,さといも,鹿児島,0.9,1512,,1404
2026-07-10,北九州,九州,ごぼう,鹿児島,0.1,2484,,2376
2026-07-10,北九州,九州,ごぼう,青森,0.3,97,,92
2026-07-10,北九州,九州,さつまいも,宮崎,0.8,,2160,
2026-07-10,北九州,九州,さつまいも,熊本,0.5,,1134,
2026-07-10,北九州,九州,さといも,鹿児島,0.1,1242,,972
2026-07-10,鹿児島,九州,ごぼう,鹿児島,3.4,,2160,
2026-07-10,鹿児島,九州,さつまいも,熊本,1.6,2268,1944,1944
2026-07-10,鹿児島,九州,さといも,鹿児島,0.1,4644,,4536
2026-07-10,宮崎,九州,さといも,宮崎,6.1,,345.6,
2026-07-11,宮崎,九州,さといも,宮崎,8.1,,324.0,
2026-07-11,大田,関東,ごぼう,群馬,1.8,,3024,
2026-07-11,大田,関東,ごぼう,鹿児島,2.1,1296,1188,1134
2026-07-11,大田,関東,さつまいも,高知,0.3,2700,,2160
2026-07-11,大田,関東,さつまいも,茨城,16.2,,1944,
2026-07-11,大田,関東,さといも,宮崎,0.5,378,,324
2026-07-11,横浜本場,関東,ごぼう,青森,0.9,,125,
2026-07-11,横浜本場,関東,ごぼう,鹿児島,0.9,,1242,
2026-07-11,横浜本場,関東,さつまいも,千葉,18.7,1566,1566,1404
2026-07-11,横浜本場,関東,さといも,宮崎,0.5,6359,6359,5773
2026-07-11,大阪本場,関西,ごぼう,鹿児島,3.2,1512,1188,1026
2026-07-11,大阪本場,関西,ごぼう,群馬,5.3,2160,,1944
2026-07-11,大阪本場,関西,ごぼう,青森,0.1,,1728,
2026-07-11,大阪本場,関西,さつまいも,徳島,8.7,,2700,
2026-07-11,大阪本場,関西,さつまいも,宮崎,1.9,,2268,
2026-07-11,大阪本場,関西,さつまいも,千葉,10.5,1944,1836,1620
2026-07-11,大阪本場,関西,さといも,鹿児島,0.3,1836,,1080
2026-07-11,大阪本場,関西,さといも,宮崎,0.1,,2700,
2026-07-11,京都,関西,ごぼう,宮崎,1.1,,756,
2026-07-11,京都,関西,ごぼう,鹿児島,1.0,,1296,
2026-07-11,京都,関西,さつまいも,宮崎,0.5,,,
2026-07-11,京都,関西,さつまいも,徳島,2.4,2808,2700,2592
2026-07-11,京都,関西,さといも,宮崎,0.2,,2700,
2026-07-11,神戸本場,関西,さつまいも,徳島,3.2,,2052,
2026-07-11,神戸本場,関西,さといも,中国,0.2,,3240,
2026-07-11,広島中央,中国,ごぼう,中国,0.2,,1296,
2026-07-11,広島中央,中国,さつまいも,徳島,0.4,2408,,2376
2026-07-11,福岡,九州,ごぼう,鹿児島,1.3,2808,2808,2592
2026-07-11,福岡,九州,ごぼう,中国,1.1,1188,1080,1080
2026-07-11,福岡,九州,さつまいも,宮崎,1.6,2376,2376,1728
2026-07-11,福岡,九州,さつまいも,熊本,2.4,2592,2376,1944
2026-07-11,福岡,九州,さといも,鹿児島,0.5,,864,
2026-07-11,北九州,九州,ごぼう,鹿児島,0.5,,2484,
2026-07-11,北九州,九州,ごぼう,宮崎,0.9,119,,114
2026-07-11,北九州,九州,さつまいも,宮崎,1.5,2376,2160,1944
2026-07-11,北九州,九州,さつまいも,熊本,0.5,,1188,
2026-07-11,北九州,九州,さといも,鹿児島,0.5,1080,864,756
2026-07-11,鹿児島,九州,ごぼう,鹿児島,9.1,,383,
2026-07-11,鹿児島,九州,さつまいも,熊本,4.9,2322,2268,2214
2026-07-11,鹿児島,九州,さといも,宮崎,0.2,4320,3780,3240
2026-07-13,大田,関東,ごぼう,群馬,3.1,,3024,
2026-07-13,大田,関東,ごぼう,鹿児島,3.9,1458,1188,1188
2026-07-13,大田,関東,さつまいも,高知,0.2,2700,2160,2160
2026-07-13,大田,関東,さつまいも,茨城,34.3,,1944,
2026-07-13,大田,関東,さといも,宮崎,1.2,2700,,2376
2026-07-13,横浜本場,関東,ごぼう,青森,1.5,,84,
2026-07-13,横浜本場,関東,ごぼう,宮崎,0.2,,151,
2026-07-13,横浜本場,関東,さつまいも,千葉,11.9,1944,1836,886
2026-07-13,横浜本場,関東,さといも,宮崎,0.3,,5533,
2026-07-13,宮崎,九州,さつまいも,宮崎,0.9,,270.0,
2026-07-13,宮崎,九州,さといも,宮崎,4.9,,324.0,
2026-07-14,宮崎,九州,さつまいも,宮崎,0.5,,248.4,
2026-07-14,宮崎,九州,さといも,宮崎,6.5,,324.0,
2026-07-14,大田,関東,ごぼう,群馬,1.8,,3024,
2026-07-14,大田,関東,ごぼう,鹿児島,2.6,1458,1188,1188
2026-07-14,大田,関東,さつまいも,高知,0.1,,2160,
2026-07-14,大田,関東,さつまいも,茨城,26.7,,1296,
2026-07-14,大田,関東,さといも,宮崎,0.6,3780,2700,2376
2026-07-14,横浜本場,関東,ごぼう,青森,1.0,86,,81
2026-07-14,横浜本場,関東,ごぼう,群馬,0.4,,1188,
2026-07-14,横浜本場,関東,さつまいも,千葉,10.4,2052,1728,1620
2026-07-14,大阪本場,関西,ごぼう,鹿児島,3.0,1458,1188,1080
2026-07-14,大阪本場,関西,ごぼう,群馬,3.4,2700,1944,864
2026-07-14,大阪本場,関西,ごぼう,青森,0.2,,1728,
2026-07-14,大阪本場,関西,さつまいも,徳島,8.4,3024,,2160
2026-07-14,大阪本場,関西,さつまいも,宮崎,2.4,2160,,1620
2026-07-14,大阪本場,関西,さつまいも,茨城,13.4,1998,1998,1620
2026-07-14,大阪本場,関西,さといも,鹿児島,0.3,1836,,1080
2026-07-14,大阪本場,関西,さといも,宮崎,0.3,,,
2026-07-14,京都,関西,ごぼう,宮崎,0.4,,864,
2026-07-14,京都,関西,ごぼう,鹿児島,0.9,,1458,
2026-07-14,京都,関西,さつまいも,宮崎,1.7,,2160,
2026-07-14,京都,関西,さつまいも,徳島,2.8,2484,2268,2160
2026-07-14,京都,関西,さといも,鹿児島,0.7,,1512,
2026-07-14,京都,関西,さといも,宮崎,0.3,,2700,
2026-07-14,神戸本場,関西,さつまいも,徳島,3.7,2592,2160,1944
2026-07-14,神戸本場,関西,さといも,中国,0.2,,3240,
2026-07-14,広島中央,中国,さつまいも,鹿児島,1.0,,2376,
2026-07-14,広島中央,中国,さつまいも,徳島,0.2,2581,2538,2538
2026-07-14,福岡,九州,ごぼう,鹿児島,3.0,2808,,2268
2026-07-14,福岡,九州,ごぼう,中国,1.7,1512,1134,1134
2026-07-14,福岡,九州,さつまいも,宮崎,1.9,2376,1793,1728
2026-07-14,福岡,九州,さつまいも,熊本,2.7,2592,1836,1512
2026-07-14,福岡,九州,さといも,鹿児島,0.5,864,778,778
2026-07-14,北九州,九州,ごぼう,鹿児島,0.5,,2484,
2026-07-14,北九州,九州,ごぼう,宮崎,0.9,,105,
2026-07-14,北九州,九州,さつまいも,宮崎,1.4,1944,,1836
2026-07-14,北九州,九州,さつまいも,千葉,0.4,,1836,
2026-07-14,鹿児島,九州,ごぼう,鹿児島,4.0,,2052,
2026-07-14,鹿児島,九州,さつまいも,鹿児島,2.2,1404,864,756
2026-07-14,鹿児島,九州,さといも,宮崎,0.1,6480,,5400
2026-07-16,大田,関東,ごぼう,群馬,1.8,,3024,
2026-07-16,大田,関東,ごぼう,鹿児島,1.7,1458,1188,1188
2026-07-16,大田,関東,さつまいも,茨城,29.1,,1944,
2026-07-16,大田,関東,さといも,宮崎,0.6,3240,,2700
2026-07-16,横浜本場,関東,ごぼう,青森,0.7,,81,
2026-07-16,横浜本場,関東,ごぼう,宮崎,0.2,,151,
2026-07-16,横浜本場,関東,さつまいも,千葉,22.5,2052,1728,984
2026-07-16,横浜本場,関東,さといも,宮崎,0.3,6359,,1333
2026-07-16,大阪本場,関西,ごぼう,鹿児島,4.3,1458,1404,1188
2026-07-16,大阪本場,関西,ごぼう,群馬,6.5,3024,1620,972
2026-07-16,大阪本場,関西,ごぼう,宮崎,0.3,76,,65
2026-07-16,大阪本場,関西,さつまいも,徳島,13.7,2808,2268,2160
2026-07-16,大阪本場,関西,さつまいも,宮崎,2.8,,1944,
2026-07-16,大阪本場,関西,さつまいも,千葉,12.0,2052,,1404
2026-07-16,大阪本場,関西,さといも,宮崎,0.8,216,,194
2026-07-16,京都,関西,ごぼう,宮崎,2.0,,1782,
2026-07-16,京都,関西,ごぼう,鹿児島,1.5,,1296,
2026-07-16,京都,関西,さつまいも,宮崎,3.0,,1944,
2026-07-16,京都,関西,さつまいも,徳島,5.4,,2700,
2026-07-16,京都,関西,さといも,鹿児島,0.1,,260,
2026-07-16,神戸本場,関西,さつまいも,徳島,6.0,1836,,1080
2026-07-16,神戸本場,関西,さといも,中国,0.1,,3240,
2026-07-16,広島中央,中国,ごぼう,宮崎,0.9,,173,
2026-07-16,広島中央,中国,さつまいも,徳島,1.0,2290,2117,1512
2026-07-16,福岡,九州,ごぼう,鹿児島,2.9,2808,2160,2160
2026-07-16,福岡,九州,ごぼう,中国,1.0,1188,1080,1080
2026-07-16,福岡,九州,さつまいも,宮崎,2.3,2160,1728,1728
2026-07-16,福岡,九州,さつまいも,熊本,7.0,2376,,2160
2026-07-16,北九州,九州,ごぼう,鹿児島,0.4,,2484,
2026-07-16,北九州,九州,ごぼう,宮崎,1.1,,116,
2026-07-16,北九州,九州,さつまいも,宮崎,1.7,,1296,
2026-07-16,北九州,九州,さつまいも,千葉,1.0,,2808,
2026-07-16,北九州,九州,さといも,中国,0.1,4104,,3888
2026-07-16,鹿児島,九州,ごぼう,中国,0.1,,1728,
2026-07-16,鹿児島,九州,さつまいも,熊本,2.4,2538,2484,2376
2026-07-16,鹿児島,九州,さといも,宮崎,0.1,,4860,
2026-07-17,宮崎,九州,さつまいも,宮崎,0.4,,302.4,
2026-07-17,宮崎,九州,さといも,宮崎,6.9,,313.2,
2026-07-17,大田,関東,ごぼう,群馬,1.0,,3024,
2026-07-17,大田,関東,ごぼう,鹿児島,2.0,1458,1188,1188
2026-07-17,大田,関東,さつまいも,茨城,13.6,1944,1944,1620
2026-07-17,大田,関東,さといも,宮崎,0.3,,2700,
2026-07-17,横浜本場,関東,ごぼう,青森,1.1,,864,
2026-07-17,横浜本場,関東,ごぼう,宮崎,0.1,,151,
2026-07-17,横浜本場,関東,さつまいも,千葉,11.6,1944,1512,1296
2026-07-17,横浜本場,関東,さといも,宮崎,0.1,,,
2026-07-17,大阪本場,関西,ごぼう,鹿児島,1.9,1458,1188,1026
2026-07-17,大阪本場,関西,ごぼう,群馬,3.3,1944,,540
2026-07-17,大阪本場,関西,ごぼう,青森,0.6,,1728,
2026-07-17,大阪本場,関西,さつまいも,徳島,12.3,2808,2268,2052
2026-07-17,大阪本場,関西,さつまいも,宮崎,1.6,,1944,
2026-07-17,大阪本場,関西,さつまいも,千葉,11.7,1836,1836,1404
2026-07-17,大阪本場,関西,さといも,鹿児島,0.8,1836,,1080
2026-07-17,大阪本場,関西,さといも,宮崎,0.3,2700,,2376
2026-07-17,京都,関西,ごぼう,宮崎,0.9,,1080,
2026-07-17,京都,関西,ごぼう,鹿児島,1.0,,1458,
2026-07-17,京都,関西,さつまいも,徳島,3.6,,2484,
2026-07-17,京都,関西,さといも,鹿児島,1.4,,1404,
2026-07-17,京都,関西,さといも,宮崎,0.2,,1296,
2026-07-17,神戸本場,関西,さつまいも,徳島,2.6,2268,1944,1836
2026-07-17,神戸本場,関西,さといも,愛媛,0.2,1404,1404,864
2026-07-17,広島中央,中国,ごぼう,中国,0.1,,1296,
2026-07-17,広島中央,中国,さつまいも,鹿児島,0.3,,2160,
2026-07-17,広島中央,中国,さつまいも,徳島,0.2,,1728,
2026-07-17,福岡,九州,ごぼう,鹿児島,2.0,2808,2592,2376
2026-07-17,福岡,九州,ごぼう,中国,0.9,1188,1080,1080
2026-07-17,福岡,九州,さつまいも,宮崎,1.8,2376,1620,1620
2026-07-17,福岡,九州,さつまいも,茨城,1.6,,940,
2026-07-17,福岡,九州,さといも,鹿児島,0.3,,864,
2026-07-17,北九州,九州,ごぼう,鹿児島,0.3,146,146,140
2026-07-17,北九州,九州,ごぼう,青森,0.4,,97,
2026-07-17,北九州,九州,さつまいも,宮崎,0.6,,1512,
2026-07-17,北九州,九州,さつまいも,千葉,0.7,,2808,
2026-07-17,鹿児島,九州,ごぼう,鹿児島,3.2,,1944,
2026-07-17,鹿児島,九州,さつまいも,熊本,1.7,2484,,2376
2026-07-17,鹿児島,九州,さといも,宮崎,0.2,5400,,4860
2026-07-18,宮崎,九州,さつまいも,宮崎,0.3,,226.8,
2026-07-18,宮崎,九州,さといも,宮崎,8.0,,302.4,
2026-07-21,宮崎,九州,さつまいも,宮崎,0.6,,216.0,
2026-07-21,宮崎,九州,さといも,宮崎,9.9,,270.0,
2026-07-21,大田,関東,ごぼう,群馬,1.6,,3024,
2026-07-21,大田,関東,ごぼう,鹿児島,1.1,1458,1188,1188
2026-07-21,大田,関東,さつまいも,茨城,34.0,1966,,1944
2026-07-21,大田,関東,さといも,宮崎,1.3,2700,1944,1944
2026-07-21,横浜本場,関東,ごぼう,青森,1.9,,81,
2026-07-21,横浜本場,関東,ごぼう,宮崎,0.3,,151,
2026-07-21,横浜本場,関東,さつまいも,千葉,20.4,1944,1836,1728
2026-07-21,横浜本場,関東,さといも,宮崎,0.4,,5940,
2026-07-21,大阪本場,関西,ごぼう,鹿児島,4.1,1512,1188,864
2026-07-21,大阪本場,関西,ごぼう,群馬,1.4,3564,,2808
2026-07-21,大阪本場,関西,ごぼう,北海道,0.3,,3024,
2026-07-21,大阪本場,関西,さつまいも,徳島,19.0,2484,1944,1458
2026-07-21,大阪本場,関西,さつまいも,宮崎,2.1,,1728,
2026-07-21,大阪本場,関西,さつまいも,茨城,27.0,2322,2106,1296
2026-07-21,大阪本場,関西,さといも,鹿児島,0.6,1404,,1296
2026-07-21,大阪本場,関西,さといも,宮崎,1.0,,2700,
2026-07-21,京都,関西,ごぼう,宮崎,1.8,,756,
2026-07-21,京都,関西,ごぼう,鹿児島,1.3,,1458,
2026-07-21,京都,関西,さつまいも,宮崎,2.3,,,
2026-07-21,京都,関西,さつまいも,徳島,6.0,2592,1836,1404
2026-07-21,京都,関西,さといも,鹿児島,0.9,,1296,
2026-07-21,京都,関西,さといも,宮崎,0.5,,1296,
2026-07-21,神戸本場,関西,さつまいも,徳島,5.3,,1728,
2026-07-21,神戸本場,関西,さといも,鹿児島,0.1,1404,,1080
2026-07-21,広島中央,中国,ごぼう,宮崎,1.0,,173,
2026-07-21,広島中央,中国,さつまいも,徳島,0.3,1836,,1728
2026-07-21,広島中央,中国,さつまいも,香川,0.3,,1620,
2026-07-21,福岡,九州,ごぼう,中国,2.4,1512,1080,1080
2026-07-21,福岡,九州,ごぼう,鹿児島,1.4,1620,1404,1242
2026-07-21,福岡,九州,さつまいも,宮崎,3.6,2160,1728,1512
2026-07-21,福岡,九州,さつまいも,熊本,6.8,2376,1944,1512
2026-07-21,福岡,九州,さといも,鹿児島,0.3,648,,540
2026-07-21,北九州,九州,ごぼう,鹿児島,0.5,,2700,
2026-07-21,北九州,九州,さつまいも,宮崎,2.2,1728,,1512
2026-07-21,北九州,九州,さつまいも,千葉,1.4,,2808,
2026-07-21,北九州,九州,さといも,中国,0.1,,4104,
2026-07-21,鹿児島,九州,ごぼう,鹿児島,19.5,1944,,1728
2026-07-21,鹿児島,九州,さつまいも,鹿児島,3.9,1728,1404,1296
2026-07-21,鹿児島,九州,さといも,宮崎,0.1,,4860,
2026-07-23,宮崎,九州,さつまいも,宮崎,1.1,,194.4,
2026-07-23,宮崎,九州,さといも,宮崎,8.6,,291.6,
2026-07-23,大田,関東,ごぼう,群馬,1.7,,2700,
2026-07-23,大田,関東,ごぼう,鹿児島,3.0,1458,1188,1188
2026-07-23,大田,関東,さつまいも,茨城,27.6,1728,,1512
2026-07-23,大田,関東,さといも,宮崎,0.8,,2160,
2026-07-23,横浜本場,関東,ごぼう,青森,1.0,125,,62
2026-07-23,横浜本場,関東,ごぼう,宮崎,0.2,140,,130
2026-07-23,横浜本場,関東,さつまいも,千葉,18.3,1620,1116,1080
2026-07-23,横浜本場,関東,さといも,宮崎,0.2,,5940,
2026-07-23,大阪本場,関西,ごぼう,鹿児島,3.2,1620,1188,1026
2026-07-23,大阪本場,関西,ごぼう,群馬,2.1,,1404,
2026-07-23,大阪本場,関西,ごぼう,宮崎,0.4,,54,
2026-07-23,大阪本場,関西,さつまいも,徳島,12.9,,2052,
2026-07-23,大阪本場,関西,さつまいも,宮崎,1.9,,1728,
2026-07-23,大阪本場,関西,さつまいも,千葉,10.8,2160,2052,1404
2026-07-23,大阪本場,関西,さといも,鹿児島,1.0,1080,,972
2026-07-23,大阪本場,関西,さといも,宮崎,0.9,1620,,756
2026-07-23,京都,関西,ごぼう,宮崎,0.9,,117,
2026-07-23,京都,関西,ごぼう,鹿児島,1.3,,1458,
2026-07-23,京都,関西,さつまいも,宮崎,2.2,,113,
2026-07-23,京都,関西,さつまいも,徳島,4.2,2052,1836,1728
2026-07-23,京都,関西,さといも,鹿児島,1.4,,1296,
2026-07-23,京都,関西,さといも,宮崎,0.3,,2268,
2026-07-23,神戸本場,関西,さつまいも,徳島,4.9,2160,1728,1620
2026-07-23,神戸本場,関西,さといも,中国,0.3,3564,,3240
2026-07-23,広島中央,中国,ごぼう,中国,0.1,1404,,1296
2026-07-23,広島中央,中国,さつまいも,徳島,0.5,,1620,
2026-07-23,広島中央,中国,さつまいも,香川,0.3,,1620,
2026-07-23,福岡,九州,ごぼう,鹿児島,4.8,2592,,2376
2026-07-23,福岡,九州,ごぼう,中国,2.3,1512,1134,1134
2026-07-23,福岡,九州,さつまいも,宮崎,3.8,2160,1728,1469
2026-07-23,福岡,九州,さつまいも,熊本,1.4,2376,,1944
2026-07-23,福岡,九州,さといも,鹿児島,0.7,1512,,648
2026-07-23,北九州,九州,ごぼう,宮崎,0.8,110,,95
2026-07-23,北九州,九州,さつまいも,宮崎,2.1,1728,,1620
2026-07-23,北九州,九州,さつまいも,千葉,0.9,,1339,
2026-07-23,北九州,九州,さといも,宮崎,0.1,,410,
2026-07-23,鹿児島,九州,ごぼう,鹿児島,14.1,,1944,
2026-07-23,鹿児島,九州,さつまいも,熊本,2.9,2430,2322,2052
2026-07-23,鹿児島,九州,さといも,宮崎,0.2,4860,4536,4428
2026-07-24,宮崎,九州,さつまいも,宮崎,0.4,,205.2,
2026-07-24,宮崎,九州,さといも,宮崎,7.2,,345.6,
2026-07-24,大田,関東,ごぼう,群馬,0.4,,1620,
2026-07-24,大田,関東,さつまいも,千葉,23.7,1944,1674,648
2026-07-24,大田,関東,さといも,宮崎,1.0,2700,1620,1620
2026-07-24,横浜本場,関東,ごぼう,青森,0.8,194,,114
2026-07-24,横浜本場,関東,ごぼう,鹿児島,1.2,,1183,
2026-07-24,横浜本場,関東,さつまいも,千葉,6.5,1944,1404,1242
2026-07-24,大阪本場,関西,ごぼう,鹿児島,1.5,1458,1188,1026
2026-07-24,大阪本場,関西,ごぼう,群馬,4.4,2700,,1944
2026-07-24,大阪本場,関西,ごぼう,北海道,0.3,,3024,
2026-07-24,大阪本場,関西,さつまいも,徳島,9.6,,1944,
2026-07-24,大阪本場,関西,さつまいも,宮崎,5.7,1728,,1296
2026-07-24,大阪本場,関西,さつまいも,千葉,9.5,1836,1836,1080
2026-07-24,大阪本場,関西,さといも,宮崎,0.4,2700,1620,1620
2026-07-24,京都,関西,ごぼう,宮崎,0.4,,1080,
2026-07-24,京都,関西,ごぼう,鹿児島,1.0,,1458,
2026-07-24,京都,関西,さつまいも,徳島,2.6,2592,1836,1782
2026-07-24,京都,関西,さといも,鹿児島,0.9,,1296,
2026-07-24,京都,関西,さといも,宮崎,0.1,,1620,
2026-07-24,神戸本場,関西,さつまいも,徳島,1.9,2160,1728,1620
2026-07-24,神戸本場,関西,さといも,中国,0.1,,3240,
2026-07-24,広島中央,中国,ごぼう,中国,0.2,,1296,
2026-07-24,広島中央,中国,さつまいも,愛媛,0.1,1620,,1080
2026-07-24,福岡,九州,ごぼう,中国,1.3,1188,1134,1080
2026-07-24,福岡,九州,ごぼう,鹿児島,0.6,2592,,983
2026-07-24,福岡,九州,さつまいも,宮崎,2.9,2376,1296,864
2026-07-24,福岡,九州,さつまいも,熊本,2.8,2376,1944,1944
2026-07-24,福岡,九州,さといも,鹿児島,0.9,,1296,
2026-07-24,北九州,九州,ごぼう,鹿児島,0.3,146,,130
2026-07-24,北九州,九州,ごぼう,宮崎,0.4,,1296,
2026-07-24,北九州,九州,さつまいも,宮崎,2.1,1512,,1404
2026-07-24,北九州,九州,さつまいも,千葉,0.4,,2808,
2026-07-24,北九州,九州,さといも,鹿児島,0.6,1080,,648
2026-07-24,鹿児島,九州,ごぼう,鹿児島,9.2,,1728,
2026-07-24,鹿児島,九州,さつまいも,鹿児島,2.9,1512,1080,1080
2026-07-24,鹿児島,九州,さといも,宮崎,0.1,4536,,4320
2026-07-25,宮崎,九州,さつまいも,宮崎,0.8,,194.4,
2026-07-25,宮崎,九州,さといも,宮崎,10.2,,383.4,
2026-07-25,大田,関東,ごぼう,群馬,1.1,,3024,
2026-07-25,大田,関東,ごぼう,茨城,1.1,,864,
2026-07-25,大田,関東,さつまいも,茨城,23.3,1836,,1728
2026-07-25,大田,関東,さといも,宮崎,1.1,,5184,
2026-07-25,横浜本場,関東,ごぼう,青森,1.1,125,,57
2026-07-25,横浜本場,関東,ごぼう,宮崎,0.1,,151,
2026-07-25,横浜本場,関東,さつまいも,千葉,21.2,1944,1836,1620
2026-07-25,横浜本場,関東,さといも,宮崎,0.3,5400,,2484
2026-07-25,大阪本場,関西,ごぼう,鹿児島,3.5,1458,1188,1026
2026-07-25,大阪本場,関西,ごぼう,群馬,0.8,1836,,540
2026-07-25,大阪本場,関西,ごぼう,青森,0.2,,1728,
2026-07-25,大阪本場,関西,さつまいも,徳島,10.3,2484,1944,1728
2026-07-25,大阪本場,関西,さつまいも,千葉,11.2,1836,1836,1080
2026-07-25,大阪本場,関西,さといも,鹿児島,0.7,,2700,
2026-07-25,大阪本場,関西,さといも,宮崎,2.6,,2700,
2026-07-25,京都,関西,ごぼう,宮崎,1.2,,648,
2026-07-25,京都,関西,ごぼう,鹿児島,0.9,,1458,
2026-07-25,京都,関西,さつまいも,宮崎,1.4,,1512,
2026-07-25,京都,関西,さつまいも,徳島,4.6,,2160,
2026-07-25,京都,関西,さといも,鹿児島,0.5,,1296,
2026-07-25,京都,関西,さといも,宮崎,2.1,,1188,
2026-07-25,神戸本場,関西,さつまいも,徳島,5.3,2160,1728,1620
2026-07-25,神戸本場,関西,さといも,中国,0.2,,3240,
2026-07-25,広島中央,中国,さつまいも,徳島,0.5,1728,,1620
2026-07-25,広島中央,中国,さつまいも,香川,0.3,,1620,
2026-07-25,福岡,九州,ごぼう,中国,1.4,1512,1080,1080
2026-07-25,福岡,九州,さつまいも,宮崎,2.7,1944,1296,1188
2026-07-25,福岡,九州,さつまいも,熊本,1.5,1944,,1620
2026-07-25,福岡,九州,さといも,鹿児島,0.2,,756,
2026-07-25,北九州,九州,ごぼう,鹿児島,1.3,,1620,
2026-07-25,北九州,九州,ごぼう,宮崎,1.4,146,,130
2026-07-25,北九州,九州,さつまいも,宮崎,2.8,2160,2160,1404
2026-07-25,北九州,九州,さつまいも,千葉,0.9,,1339,
2026-07-25,北九州,九州,さといも,宮崎,0.1,,464,
2026-07-25,鹿児島,九州,ごぼう,鹿児島,7.4,,1944,
2026-07-25,鹿児島,九州,さつまいも,熊本,3.3,2376,1998,1998
2026-07-25,鹿児島,九州,さといも,宮崎,0.1,4860,,4320
2026-07-27,宮崎,九州,さつまいも,宮崎,1.0,,194.4,
2026-07-27,宮崎,九州,さといも,宮崎,13.5,,378.0,
2026-07-27,大田,関東,ごぼう,群馬,0.5,,3024,
2026-07-27,大田,関東,ごぼう,鹿児島,4.3,1458,1188,1026
2026-07-27,大田,関東,さつまいも,千葉,15.5,2484,2160,1728
2026-07-27,大田,関東,さといも,宮崎,0.4,248,,151
2026-07-27,横浜本場,関東,ごぼう,青森,1.0,125,,63
2026-07-27,横浜本場,関東,ごぼう,群馬,0.2,,1080,
2026-07-27,横浜本場,関東,さつまいも,千葉,11.9,1944,1728,1200
2026-07-27,横浜本場,関東,さといも,宮崎,0.1,4612,,3726
2026-07-27,大阪本場,関西,ごぼう,群馬,1.1,,1836,
2026-07-27,大阪本場,関西,さつまいも,徳島,14.1,2376,1944,1404
2026-07-27,大阪本場,関西,さつまいも,宮崎,3.3,,,
2026-07-27,大阪本場,関西,さつまいも,茨城,11.9,2322,918,918
2026-07-27,大阪本場,関西,さといも,鹿児島,0.6,1188,,864
2026-07-27,大阪本場,関西,さといも,宮崎,0.2,,2700,
2026-07-27,京都,関西,ごぼう,宮崎,1.8,,648,
2026-07-27,京都,関西,ごぼう,鹿児島,1.9,,1458,
2026-07-27,京都,関西,さつまいも,宮崎,1.7,,1512,
2026-07-27,京都,関西,さつまいも,徳島,3.4,,2268,
2026-07-27,京都,関西,さといも,鹿児島,1.0,,1080,
2026-07-27,京都,関西,さといも,宮崎,0.6,,1944,
2026-07-27,神戸本場,関西,さつまいも,徳島,3.9,1944,1620,1512
2026-07-27,広島中央,中国,ごぼう,宮崎,0.9,,173,
2026-07-27,広島中央,中国,さつまいも,鹿児島,1.7,,1944,
2026-07-27,広島中央,中国,さつまいも,徳島,0.2,1836,,1782
2026-07-27,福岡,九州,ごぼう,鹿児島,2.1,2592,,2376
2026-07-27,福岡,九州,ごぼう,中国,0.8,1188,1080,1080
2026-07-27,福岡,九州,さつまいも,宮崎,2.3,1944,1188,1134
2026-07-27,福岡,九州,さつまいも,熊本,1.6,,2160,
2026-07-27,福岡,九州,さといも,鹿児島,0.6,,2160,
2026-07-27,北九州,九州,ごぼう,鹿児島,0.1,,130,
2026-07-27,北九州,九州,ごぼう,宮崎,0.8,,1296,
2026-07-27,北九州,九州,さつまいも,宮崎,0.4,1620,,1512
2026-07-27,北九州,九州,さつまいも,千葉,0.7,,2808,
2026-07-27,北九州,九州,さといも,宮崎,0.1,,454,
2026-07-27,鹿児島,九州,ごぼう,鹿児島,0.9,,1620,
2026-07-27,鹿児島,九州,さつまいも,鹿児島,2.0,1404,972,972
2026-07-27,鹿児島,九州,さといも,宮崎,0.2,,3996,
2026-07-28,宮崎,九州,さつまいも,宮崎,0.2,,194.4,
2026-07-28,宮崎,九州,さといも,宮崎,13.4,,388.8,
2026-07-28,大田,関東,ごぼう,群馬,0.3,,3024,
2026-07-28,大田,関東,ごぼう,鹿児島,1.6,1458,1188,1026
2026-07-28,大田,関東,さつまいも,茨城,17.5,,1728,
2026-07-28,大田,関東,さといも,宮崎,0.2,,2160,
2026-07-28,横浜本場,関東,ごぼう,青森,1.1,86,,81
2026-07-28,横浜本場,関東,ごぼう,宮崎,0.2,,151,
2026-07-28,横浜本場,関東,さつまいも,千葉,11.7,1944,1782,1728
2026-07-28,横浜本場,関東,さといも,宮崎,0.1,,324,
2026-07-28,大阪本場,関西,ごぼう,群馬,1.3,1836,,540
2026-07-28,大阪本場,関西,ごぼう,青森,0.6,,1728,
2026-07-28,大阪本場,関西,さつまいも,徳島,7.5,2376,1836,1728
2026-07-28,大阪本場,関西,さつまいも,宮崎,2.8,,1512,
2026-07-28,大阪本場,関西,さつまいも,千葉,7.7,2160,2052,1944
2026-07-28,大阪本場,関西,さといも,鹿児島,0.6,,2700,
2026-07-28,大阪本場,関西,さといも,宮崎,1.0,,2700,
2026-07-28,京都,関西,ごぼう,宮崎,0.2,,756,
2026-07-28,京都,関西,ごぼう,鹿児島,0.8,,1458,
2026-07-28,京都,関西,さつまいも,徳島,4.0,2160,1836,1620
2026-07-28,京都,関西,さといも,鹿児島,0.3,,1296,
2026-07-28,京都,関西,さといも,宮崎,0.3,,1296,
2026-07-28,神戸本場,関西,さつまいも,徳島,4.0,1944,1620,1512
2026-07-28,神戸本場,関西,さといも,宮崎,0.1,,3132,
2026-07-28,神戸本場,関西,さといも,中国,0.1,,3240,
2026-07-28,広島中央,中国,ごぼう,宮崎,1.1,,97,
2026-07-28,広島中央,中国,さつまいも,徳島,0.4,,324,
2026-07-28,福岡,九州,ごぼう,鹿児島,1.8,2592,,2376
2026-07-28,福岡,九州,ごぼう,中国,1.8,1512,1080,1080
2026-07-28,福岡,九州,さつまいも,宮崎,2.7,2160,756,626
2026-07-28,福岡,九州,さつまいも,熊本,1.4,,1944,
2026-07-28,福岡,九州,さといも,鹿児島,0.4,2700,,2160
2026-07-28,北九州,九州,ごぼう,鹿児島,0.6,146,146,119
2026-07-28,北九州,九州,ごぼう,宮崎,0.7,,95,
2026-07-28,北九州,九州,さつまいも,宮崎,0.7,1296,,1080
2026-07-28,北九州,九州,さつまいも,鹿児島,0.4,1080,,864
2026-07-28,北九州,九州,さといも,宮崎,0.3,,324,
2026-07-28,北九州,九州,さといも,中国,0.1,,4104,
2026-07-28,鹿児島,九州,ごぼう,鹿児島,10.6,2376,1944,1620
2026-07-28,鹿児島,九州,さつまいも,鹿児島,2.0,1080,864,864
2026-07-30,宮崎,九州,さつまいも,宮崎,1.6,,162.0,
2026-07-30,宮崎,九州,さといも,宮崎,18.6,,378.0,
2026-07-30,大田,関東,ごぼう,群馬,0.3,,3024,
2026-07-30,大田,関東,ごぼう,鹿児島,3.1,1458,1188,1080
2026-07-30,大田,関東,さつまいも,千葉,18.7,1944,864,648
2026-07-30,大田,関東,さといも,宮崎,0.7,,1080,
2026-07-30,横浜本場,関東,ごぼう,青森,0.7,,864,
2026-07-30,横浜本場,関東,ごぼう,宮崎,0.1,,157,
2026-07-30,横浜本場,関東,さつまいも,千葉,15.7,1836,1728,1620
2026-07-30,横浜本場,関東,さといも,宮崎,0.1,,2535,
2026-07-30,大阪本場,関西,ごぼう,群馬,2.2,2484,1836,1728
2026-07-30,大阪本場,関西,ごぼう,青森,0.4,1728,,1620
2026-07-30,大阪本場,関西,さつまいも,徳島,11.6,1836,1404,1296
2026-07-30,大阪本場,関西,さつまいも,宮崎,4.4,,1404,
2026-07-30,大阪本場,関西,さつまいも,茨城,5.9,2322,1404,972
2026-07-30,大阪本場,関西,さといも,鹿児島,0.2,,1080,
2026-07-30,大阪本場,関西,さといも,宮崎,0.6,,1944,
2026-07-30,京都,関西,ごぼう,宮崎,1.1,,117,
2026-07-30,京都,関西,ごぼう,鹿児島,1.9,,1134,
2026-07-30,京都,関西,さつまいも,宮崎,3.3,1512,,1404
2026-07-30,京都,関西,さつまいも,徳島,4.3,2376,1836,1782
2026-07-30,京都,関西,さといも,鹿児島,0.4,,1080,
2026-07-30,京都,関西,さといも,宮崎,1.0,,1080,
2026-07-30,神戸本場,関西,さつまいも,徳島,5.9,,1512,
2026-07-30,神戸本場,関西,さといも,宮崎,0.1,,3132,
2026-07-30,神戸本場,関西,さといも,中国,0.1,3564,,3240
2026-07-30,広島中央,中国,ごぼう,宮崎,0.5,,173,
2026-07-30,広島中央,中国,さつまいも,徳島,0.5,,1080,
2026-07-30,福岡,九州,ごぼう,鹿児島,2.4,2592,,2376
2026-07-30,福岡,九州,ごぼう,中国,1.1,1512,,1134
2026-07-30,福岡,九州,さつまいも,宮崎,3.3,2376,864,864
2026-07-30,福岡,九州,さつまいも,熊本,12.2,1296,,756
2026-07-30,福岡,九州,さといも,宮崎,0.5,,96,
2026-07-30,北九州,九州,ごぼう,宮崎,0.4,146,124,124
2026-07-30,北九州,九州,さつまいも,宮崎,1.2,2160,2160,1404
2026-07-30,北九州,九州,さつまいも,熊本,0.5,778,,680
2026-07-30,北九州,九州,さといも,宮崎,0.1,,324,
2026-07-30,鹿児島,九州,ごぼう,鹿児島,9.8,2160,,1944
2026-07-30,鹿児島,九州,さつまいも,鹿児島,2.7,1404,1080,1080
2026-07-30,鹿児島,九州,さといも,鹿児島,0.2,5400,4320,1296
2026-07-31,宮崎,九州,さつまいも,宮崎,0.7,,194.4,
2026-07-31,宮崎,九州,さといも,宮崎,11.2,,378.0,
2026-07-31,大田,関東,ごぼう,群馬,0.8,,3024,
2026-07-31,大田,関東,ごぼう,青森,2.2,,167,
2026-07-31,大田,関東,さつまいも,茨城,22.5,,1512,
2026-07-31,大田,関東,さといも,宮崎,0.1,,2160,
2026-07-31,横浜本場,関東,ごぼう,青森,0.6,,864,
2026-07-31,横浜本場,関東,さつまいも,千葉,12.3,1836,1728,1188
2026-07-31,大阪本場,関西,ごぼう,群馬,1.6,,1728,
2026-07-31,大阪本場,関西,さつまいも,徳島,7.2,,1404,
2026-07-31,大阪本場,関西,さつまいも,宮崎,2.5,,1404,
2026-07-31,大阪本場,関西,さつまいも,千葉,8.2,2052,1944,1404
2026-07-31,大阪本場,関西,さといも,鹿児島,0.5,,2700,
2026-07-31,大阪本場,関西,さといも,宮崎,0.6,,2700,
2026-07-31,京都,関西,ごぼう,鹿児島,0.8,,1458,
2026-07-31,京都,関西,さつまいも,宮崎,0.4,,1944,
2026-07-31,京都,関西,さつまいも,徳島,2.8,1836,1728,1728
2026-07-31,京都,関西,さといも,鹿児島,0.4,,1080,
2026-07-31,京都,関西,さといも,宮崎,0.9,,1080,
2026-07-31,神戸本場,関西,さつまいも,徳島,2.2,1944,1728,1620
2026-07-31,神戸本場,関西,さといも,宮崎,0.1,,3132,
2026-07-31,神戸本場,関西,さといも,中国,0.1,,3240,
2026-07-31,広島中央,中国,ごぼう,鹿児島,0.4,,1404,
2026-07-31,広島中央,中国,さつまいも,徳島,0.4,,702,
2026-07-31,福岡,九州,ごぼう,鹿児島,1.3,2592,,2376
2026-07-31,福岡,九州,ごぼう,中国,0.9,1512,1080,1080
2026-07-31,福岡,九州,さつまいも,宮崎,3.2,1944,,540
2026-07-31,福岡,九州,さつまいも,香川,0.7,724,724,605
2026-07-31,福岡,九州,さといも,鹿児島,0.4,1296,,1080
2026-07-31,北九州,九州,ごぼう,鹿児島,0.3,,2268,
2026-07-31,北九州,九州,ごぼう,宮崎,0.4,146,122,122
2026-07-31,北九州,九州,さつまいも,宮崎,3.3,1512,,1296
2026-07-31,北九州,九州,さといも,宮崎,0.4,,572,
2026-07-31,鹿児島,九州,ごぼう,鹿児島,15.3,2700,1944,1944
2026-07-31,鹿児島,九州,さつまいも,鹿児島,2.7,864,540,540
2026-07-31,鹿児島,九州,さといも,宮崎,0.2,,3996,
2026-08-01,宮崎,九州,さつまいも,宮崎,1.7,,189.0,
2026-08-01,宮崎,九州,さといも,宮崎,15.4,,372.6,
2026-08-01,大田,関東,ごぼう,青森,0.7,,78,
2026-08-01,大田,関東,ごぼう,鹿児島,2.0,1458,1188,1080
2026-08-01,大田,関東,さつまいも,千葉,14.6,2160,,1944
2026-08-01,大田,関東,さつまいも,茨城,25.8,1966,1966,1836
2026-08-01,大田,関東,さといも,千葉,4.3,2592,,2268
2026-08-01,大田,関東,さといも,宮崎,0.9,,6156,
2026-08-01,横浜本場,関東,ごぼう,群馬,0.1,3024,,2916
2026-08-01,横浜本場,関東,さつまいも,茨城,10.2,1188,,1080
2026-08-01,横浜本場,関東,さつまいも,千葉,12.4,1944,1782,1080
2026-08-01,大阪本場,関西,ごぼう,鹿児島,3.4,1458,1404,1188
2026-08-01,大阪本場,関西,ごぼう,群馬,4.1,2376,1512,1404
2026-08-01,大阪本場,関西,さつまいも,徳島,11.9,1836,,1620
2026-08-01,大阪本場,関西,さつまいも,茨城,16.6,2106,2106,1404
2026-08-01,大阪本場,関西,さといも,宮崎,1.1,,2700,
2026-08-01,京都,関西,ごぼう,宮崎,1.0,,117,
2026-08-01,京都,関西,ごぼう,鹿児島,1.4,,1458,
2026-08-01,京都,関西,ごぼう,群馬,1.8,,1458,
2026-08-01,京都,関西,ごぼう,京都,0.3,,90,
2026-08-01,京都,関西,さつまいも,徳島,3.7,,2592,
2026-08-01,京都,関西,さつまいも,茨城,4.6,,1890,
2026-08-01,京都,関西,さといも,宮崎,0.8,,2700,
2026-08-01,京都,関西,さといも,鹿児島,0.1,,540,
2026-08-01,神戸本場,関西,さつまいも,徳島,6.0,1836,1512,1404
2026-08-01,神戸本場,関西,さといも,宮崎,0.1,,3132,
2026-08-01,神戸本場,関西,さといも,中国,0.1,,3240,
2026-08-01,広島中央,中国,ごぼう,鹿児島,0.3,,1188,
2026-08-01,広島中央,中国,さつまいも,徳島,0.4,1912,1912,1836
2026-08-01,広島中央,中国,さつまいも,香川,0.3,,1620,
2026-08-01,福岡,九州,ごぼう,鹿児島,3.5,2808,2376,2376
2026-08-01,福岡,九州,さつまいも,宮崎,3.4,2376,1080,864
2026-08-01,福岡,九州,さといも,宮崎,0.4,,2160,
2026-08-01,福岡,九州,さといも,中国,0.2,3294,,3186
2026-08-01,北九州,九州,ごぼう,鹿児島,0.3,146,,130
2026-08-01,北九州,九州,ごぼう,宮崎,0.8,,130,
2026-08-01,北九州,九州,さつまいも,宮崎,3.0,1296,,1080
2026-08-01,北九州,九州,さつまいも,千葉,0.7,,2808,
2026-08-01,鹿児島,九州,ごぼう,鹿児島,13.0,,1728,
2026-08-01,鹿児島,九州,ごぼう,青森,0.1,5400,,5184
2026-08-01,鹿児島,九州,さつまいも,熊本,2.6,2376,1944,1944
2026-08-01,鹿児島,九州,さといも,宮崎,0.3,,2052,
2026-08-03,宮崎,九州,さつまいも,宮崎,1.7,,151.2,
2026-08-03,宮崎,九州,さといも,宮崎,22.5,,367.2,
2026-08-03,大田,関東,ごぼう,青森,0.9,,86,
2026-08-03,大田,関東,ごぼう,鹿児島,3.1,1458,1188,1080
2026-08-03,大田,関東,さつまいも,千葉,7.5,2160,,1944
2026-08-03,大田,関東,さつまいも,茨城,19.7,1944,,1836
2026-08-03,大田,関東,さといも,千葉,3.9,2376,,2052
2026-08-03,大田,関東,さといも,宮崎,0.2,270,,248
2026-08-03,横浜本場,関東,ごぼう,群馬,0.2,,1080,
2026-08-03,横浜本場,関東,さつまいも,茨城,8.0,,1404,
2026-08-03,横浜本場,関東,さつまいも,千葉,11.3,1944,1728,1080
2026-08-03,大阪本場,関西,ごぼう,鹿児島,3.8,,2592,
2026-08-03,大阪本場,関西,ごぼう,群馬,2.0,1728,864,540
2026-08-03,大阪本場,関西,ごぼう,宮崎,0.7,,54,
2026-08-03,大阪本場,関西,さつまいも,徳島,13.7,2160,,1512
2026-08-03,大阪本場,関西,さつまいも,茨城,12.6,2322,1404,1296
2026-08-03,大阪本場,関西,さといも,宮崎,1.6,,216,
2026-08-03,大阪本場,関西,さといも,和歌山,0.1,,1296,
2026-08-03,京都,関西,ごぼう,宮崎,1.1,,117,
2026-08-03,京都,関西,ごぼう,鹿児島,2.3,,1458,
2026-08-03,京都,関西,ごぼう,群馬,1.8,,2484,
2026-08-03,京都,関西,ごぼう,京都,0.2,90,,86
2026-08-03,京都,関西,さつまいも,徳島,6.6,2484,1944,1836
2026-08-03,京都,関西,さつまいも,茨城,10.0,2106,1404,1404
2026-08-03,京都,関西,さといも,宮崎,2.3,,2700,
2026-08-03,京都,関西,さといも,鹿児島,0.2,,1080,
2026-08-03,神戸本場,関西,さつまいも,徳島,4.1,1836,1404,1404
2026-08-03,神戸本場,関西,さといも,宮崎,0.2,,3240,
2026-08-03,広島中央,中国,ごぼう,宮崎,0.4,,173,
2026-08-03,広島中央,中国,ごぼう,中国,0.1,,1296,
2026-08-03,広島中央,中国,さつまいも,鹿児島,1.5,,1836,
2026-08-03,広島中央,中国,さつまいも,徳島,0.3,1944,,1868
2026-08-03,広島中央,中国,さといも,宮崎,0.5,,2592,
2026-08-03,福岡,九州,ごぼう,鹿児島,3.0,2592,2376,2160
2026-08-03,福岡,九州,さつまいも,宮崎,3.0,1944,1944,864
2026-08-03,福岡,九州,さといも,宮崎,0.8,,2700,
2026-08-03,福岡,九州,さといも,鹿児島,0.4,648,,432
2026-08-03,北九州,九州,ごぼう,宮崎,0.7,,1296,
2026-08-03,北九州,九州,さつまいも,宮崎,2.8,,756,
2026-08-03,北九州,九州,さつまいも,千葉,0.8,,2808,
2026-08-03,北九州,九州,さといも,宮崎,0.2,,486,
2026-08-03,鹿児島,九州,ごぼう,鹿児島,3.3,,1836,
2026-08-03,鹿児島,九州,ごぼう,中国,0.1,,1728,
2026-08-03,鹿児島,九州,さつまいも,鹿児島,2.3,1512,1296,1080
2026-08-03,鹿児島,九州,さといも,宮崎,0.7,194,,162
2026-08-04,宮崎,九州,さつまいも,宮崎,0.4,,280.8,
2026-08-04,宮崎,九州,さといも,宮崎,18.7,,399.6,
2026-08-04,大田,関東,ごぼう,青森,0.5,,78,
2026-08-04,大田,関東,ごぼう,鹿児島,1.9,1458,1188,1080
2026-08-04,大田,関東,さつまいも,千葉,7.7,1728,,1512
2026-08-04,大田,関東,さつまいも,茨城,11.2,1728,1728,1620
2026-08-04,大田,関東,さといも,千葉,2.5,2376,,2052
2026-08-04,大田,関東,さといも,中国,0.8,3456,,2160
2026-08-04,横浜本場,関東,さつまいも,茨城,4.7,,1566,
2026-08-04,横浜本場,関東,さつまいも,千葉,13.8,1944,1728,1404
2026-08-04,大阪本場,関西,ごぼう,鹿児島,2.6,1458,1188,1026
2026-08-04,大阪本場,関西,ごぼう,群馬,1.3,,1728,
2026-08-04,大阪本場,関西,さつまいも,徳島,11.6,2268,1404,1404
2026-08-04,大阪本場,関西,さつまいも,茨城,17.5,2106,1404,972
2026-08-04,大阪本場,関西,さといも,宮崎,1.5,1944,,1620
2026-08-04,京都,関西,ごぼう,鹿児島,0.8,1134,972,918
2026-08-04,京都,関西,ごぼう,群馬,1.4,1458,,1242
2026-08-04,京都,関西,ごぼう,京都,0.2,90,,86
2026-08-04,京都,関西,さつまいも,徳島,6.7,2646,1944,1890
2026-08-04,京都,関西,さつまいも,茨城,6.5,2106,,1404
2026-08-04,京都,関西,さといも,宮崎,0.6,2700,1458,1382
2026-08-04,京都,関西,さといも,鹿児島,0.1,,432,
2026-08-04,神戸本場,関西,ごぼう,茨城,0.3,,1080,
2026-08-04,神戸本場,関西,さつまいも,徳島,4.7,1728,1404,1296
2026-08-04,神戸本場,関西,さといも,宮崎,0.1,,3240,
2026-08-04,神戸本場,関西,さといも,中国,0.1,,3240,
2026-08-04,広島中央,中国,ごぼう,宮崎,0.9,,173,
2026-08-04,広島中央,中国,ごぼう,中国,0.1,,1404,
2026-08-04,広島中央,中国,さつまいも,徳島,0.3,1080,972,864
2026-08-04,広島中央,中国,さといも,宮崎,0.4,,2700,
2026-08-04,福岡,九州,ごぼう,鹿児島,1.5,1404,1296,1080
2026-08-04,福岡,九州,さつまいも,宮崎,2.0,2376,2376,1620
2026-08-04,福岡,九州,さといも,宮崎,0.9,,2700,
2026-08-04,福岡,九州,さといも,中国,0.2,3402,,3294
2026-08-04,北九州,九州,ごぼう,鹿児島,0.7,,2592,
2026-08-04,北九州,九州,ごぼう,宮崎,0.7,130,,92
2026-08-04,北九州,九州,さつまいも,宮崎,3.2,1296,,1188
2026-08-04,北九州,九州,さといも,宮崎,0.3,,464,
2026-08-04,鹿児島,九州,ごぼう,鹿児島,7.0,1944,,1836
2026-08-04,鹿児島,九州,さつまいも,熊本,2.4,2160,2106,1890
2026-08-04,鹿児島,九州,さといも,鹿児島,0.2,4320,,1296
2026-08-06,宮崎,九州,さつまいも,宮崎,0.9,,162.0,
2026-08-06,宮崎,九州,さといも,宮崎,23.7,,372.6,
2026-08-06,大田,関東,ごぼう,青森,1.1,,78,
2026-08-06,大田,関東,ごぼう,鹿児島,4.4,1458,1188,1080
2026-08-06,大田,関東,さつまいも,千葉,9.3,1944,,1728
2026-08-06,大田,関東,さつまいも,茨城,23.5,1944,1620,1620
2026-08-06,大田,関東,さといも,千葉,7.3,2376,2376,2052
2026-08-06,大田,関東,さといも,宮崎,0.2,324,,248
2026-08-06,横浜本場,関東,ごぼう,群馬,0.2,,1080,
2026-08-06,横浜本場,関東,さつまいも,茨城,8.1,1296,1188,1080
2026-08-06,横浜本場,関東,さつまいも,千葉,15.4,1944,1728,1620
2026-08-06,横浜本場,関東,さといも,宮崎,0.1,,162,
2026-08-06,大阪本場,関西,ごぼう,鹿児島,4.3,1458,1188,1026
2026-08-06,大阪本場,関西,ごぼう,群馬,1.1,,1728,
2026-08-06,大阪本場,関西,さつまいも,徳島,14.7,2160,,1836
2026-08-06,大阪本場,関西,さつまいも,茨城,6.0,2322,1404,972
2026-08-06,大阪本場,関西,さといも,宮崎,2.2,,216,
2026-08-06,大阪本場,関西,さといも,愛媛,0.1,,2700,
2026-08-06,京都,関西,ごぼう,宮崎,1.0,,117,
2026-08-06,京都,関西,ごぼう,鹿児島,2.2,,1134,
2026-08-06,京都,関西,ごぼう,京都,0.2,92,,86
2026-08-06,京都,関西,さつまいも,徳島,7.8,2646,1998,1944
2026-08-06,京都,関西,さつまいも,茨城,8.6,2106,2106,1404
2026-08-06,京都,関西,さといも,宮崎,1.5,,2700,
2026-08-06,京都,関西,さといも,鹿児島,0.1,,1080,
2026-08-06,神戸本場,関西,さつまいも,徳島,6.5,1728,1404,1296
2026-08-06,神戸本場,関西,さといも,宮崎,0.2,3456,,3240
2026-08-06,神戸本場,関西,さといも,中国,0.2,3564,,3240
2026-08-06,広島中央,中国,ごぼう,宮崎,0.3,,173,
2026-08-06,広島中央,中国,さつまいも,鹿児島,3.1,,1944,
2026-08-06,広島中央,中国,さつまいも,香川,0.5,,1620,
2026-08-06,福岡,九州,ごぼう,鹿児島,6.2,2592,,2376
2026-08-06,福岡,九州,さつまいも,宮崎,3.8,2376,1188,864
2026-08-06,福岡,九州,さといも,宮崎,1.5,3240,,2700
2026-08-06,北九州,九州,ごぼう,鹿児島,0.1,,2700,
2026-08-06,北九州,九州,ごぼう,宮崎,0.9,130,78,71
2026-08-06,北九州,九州,さつまいも,宮崎,2.4,1080,,864
2026-08-06,北九州,九州,さといも,宮崎,0.4,,367,
2026-08-06,鹿児島,九州,ごぼう,鹿児島,6.7,2700,,1944
2026-08-06,鹿児島,九州,ごぼう,中国,0.1,,1620,
2026-08-06,鹿児島,九州,さつまいも,鹿児島,5.1,1620,1080,864
2026-08-06,鹿児島,九州,さといも,鹿児島,0.7,5400,4320,3240
2026-08-07,宮崎,九州,さつまいも,宮崎,0.6,,183.6,
2026-08-07,宮崎,九州,さといも,宮崎,15.0,,367.2,
2026-08-07,大田,関東,ごぼう,青森,0.4,,78,
2026-08-07,大田,関東,ごぼう,群馬,1.0,,2376,
2026-08-07,大田,関東,さつまいも,千葉,11.9,1728,1728,1512
2026-08-07,大田,関東,さつまいも,茨城,19.2,1620,,1080
2026-08-07,大田,関東,さといも,千葉,2.9,2376,2376,2052
2026-08-07,大田,関東,さといも,宮崎,0.6,,6156,
2026-08-07,横浜本場,関東,さつまいも,茨城,7.9,1404,,1188
2026-08-07,横浜本場,関東,さつまいも,千葉,6.1,1944,1782,1188
2026-08-07,大阪本場,関西,ごぼう,鹿児島,0.5,,1728,
2026-08-07,大阪本場,関西,ごぼう,群馬,0.8,,1512,
2026-08-07,大阪本場,関西,さつまいも,徳島,8.4,2160,,1512
2026-08-07,大阪本場,関西,さつまいも,茨城,16.4,2322,1404,972
2026-08-07,大阪本場,関西,さといも,宮崎,1.1,,2700,
2026-08-07,京都,関西,ごぼう,群馬,3.0,,2700,
2026-08-07,京都,関西,ごぼう,京都,0.1,92,,86
2026-08-07,京都,関西,さつまいも,徳島,5.1,2376,2160,1998
2026-08-07,京都,関西,さつまいも,茨城,5.3,1890,1296,1296
2026-08-07,京都,関西,さといも,宮崎,1.0,,3240,
2026-08-07,神戸本場,関西,さつまいも,徳島,2.8,1620,1404,1296
2026-08-07,神戸本場,関西,さといも,宮崎,0.2,,3240,
2026-08-07,広島中央,中国,ごぼう,宮崎,0.2,,173,
2026-08-07,広島中央,中国,ごぼう,中国,0.2,1404,,1296
2026-08-07,広島中央,中国,さつまいも,徳島,0.3,2214,,2030
2026-08-07,広島中央,中国,さといも,宮崎,0.4,,2592,
2026-08-07,福岡,九州,ごぼう,鹿児島,1.5,,1080,
2026-08-07,福岡,九州,さつまいも,宮崎,1.9,1944,1620,1134
2026-08-07,福岡,九州,さといも,宮崎,1.3,3240,2160,2160
2026-08-07,福岡,九州,さといも,中国,0.4,3402,,3294
2026-08-07,北九州,九州,ごぼう,鹿児島,0.4,,108,
2026-08-07,北九州,九州,ごぼう,宮崎,0.6,,2484,
2026-08-07,北九州,九州,さつまいも,宮崎,4.4,1944,1188,1188
2026-08-07,北九州,九州,さつまいも,鹿児島,0.9,,756,
2026-08-07,北九州,九州,さといも,宮崎,0.7,572,,540
2026-08-07,鹿児島,九州,ごぼう,鹿児島,21.8,1944,1134,1134
2026-08-07,鹿児島,九州,ごぼう,中国,1.0,,1188,
2026-08-07,鹿児島,九州,さつまいも,鹿児島,1.0,1404,1188,1188
2026-08-07,鹿児島,九州,さといも,宮崎,0.5,594,,540
2026-08-08,宮崎,九州,さつまいも,宮崎,0.4,,216.0,
2026-08-08,宮崎,九州,さといも,宮崎,11.0,,367.2,
2026-08-08,大田,関東,ごぼう,青森,0.5,,78,
2026-08-08,大田,関東,ごぼう,鹿児島,1.8,1458,1188,1080
2026-08-08,大田,関東,さつまいも,千葉,8.3,1944,1296,1296
2026-08-08,大田,関東,さつまいも,茨城,10.0,,1404,
2026-08-08,大田,関東,さといも,千葉,4.5,2592,2376,2052
2026-08-08,大田,関東,さといも,宮崎,0.6,,2700,
2026-08-08,横浜本場,関東,さつまいも,茨城,14.0,,1296,
2026-08-08,横浜本場,関東,さつまいも,千葉,11.6,1534,1296,1200
2026-08-08,横浜本場,関東,さといも,宮崎,0.1,,2203,
2026-08-08,大阪本場,関西,ごぼう,鹿児島,3.0,1458,1404,1188
2026-08-08,大阪本場,関西,ごぼう,群馬,1.9,2160,1296,1296
2026-08-08,大阪本場,関西,さつまいも,徳島,12.2,2160,,1512
2026-08-08,大阪本場,関西,さつまいも,茨城,9.3,2106,2106,1512
2026-08-08,大阪本場,関西,さといも,宮崎,2.3,259,,216
2026-08-08,京都,関西,ごぼう,宮崎,0.9,,117,
2026-08-08,京都,関西,ごぼう,鹿児島,1.1,,1512,
2026-08-08,京都,関西,ごぼう,群馬,1.7,,2700,
2026-08-08,京都,関西,ごぼう,京都,0.1,103,,86
2026-08-08,京都,関西,さつまいも,徳島,5.8,2484,2160,1836
2026-08-08,京都,関西,さつまいも,茨城,8.5,2106,,1512
2026-08-08,京都,関西,さといも,宮崎,0.6,,2700,
2026-08-08,京都,関西,さといも,中国,0.1,,3456,
2026-08-08,神戸本場,関西,さつまいも,徳島,5.7,1728,1404,1296
2026-08-08,神戸本場,関西,さといも,宮崎,0.1,3348,,3240
2026-08-08,神戸本場,関西,さといも,中国,0.2,,3240,
2026-08-08,広島中央,中国,ごぼう,鹿児島,0.6,1404,,1188
2026-08-08,広島中央,中国,ごぼう,中国,0.1,,1296,
2026-08-08,広島中央,中国,さつまいも,徳島,0.6,2160,2160,1836
2026-08-08,広島中央,中国,さつまいも,香川,0.3,,1620,
2026-08-08,福岡,九州,ごぼう,鹿児島,2.4,1620,1296,1188
2026-08-08,福岡,九州,さつまいも,宮崎,3.6,2376,2376,864
2026-08-08,福岡,九州,さといも,宮崎,1.3,3240,2700,2376
2026-08-08,福岡,九州,さといも,中国,0.3,,3294,
2026-08-08,北九州,九州,ごぼう,鹿児島,0.5,,2700,
2026-08-08,北九州,九州,ごぼう,宮崎,1.8,146,130,42
2026-08-08,北九州,九州,さつまいも,宮崎,1.2,1296,,1080
2026-08-08,北九州,九州,さつまいも,熊本,0.4,,1512,
2026-08-08,北九州,九州,さといも,宮崎,0.3,,518,
2026-08-08,鹿児島,九州,ごぼう,鹿児島,11.8,2268,1944,1836
2026-08-08,鹿児島,九州,さつまいも,熊本,1.4,2430,1836,1836
2026-08-08,鹿児島,九州,さといも,鹿児島,0.8,5400,4320,864
2026-08-10,宮崎,九州,さつまいも,宮崎,0.2,,183.6,
2026-08-10,宮崎,九州,さといも,宮崎,4.2,,356.4,
2026-08-10,大田,関東,ごぼう,青森,2.7,,167,
2026-08-10,大田,関東,ごぼう,鹿児島,2.4,1458,1188,1080
2026-08-10,大田,関東,さつまいも,千葉,11.9,1944,,1728
2026-08-10,大田,関東,さつまいも,茨城,21.0,1512,,972
2026-08-10,大田,関東,さといも,千葉,0.4,,2376,
2026-08-10,大田,関東,さといも,宮崎,0.4,,2700,
2026-08-10,横浜本場,関東,さつまいも,茨城,13.3,1404,1404,864
2026-08-10,横浜本場,関東,さつまいも,千葉,16.2,1944,1728,1620
2026-08-10,横浜本場,関東,さといも,宮崎,0.1,,162,
2026-08-10,大阪本場,関西,ごぼう,鹿児島,6.0,,2592,
2026-08-10,大阪本場,関西,ごぼう,群馬,2.6,,1728,
2026-08-10,大阪本場,関西,さつまいも,徳島,15.1,2268,1836,1404
2026-08-10,大阪本場,関西,さつまいも,茨城,17.0,1944,1188,1188
2026-08-10,大阪本場,関西,さといも,宮崎,1.1,1944,,1080
2026-08-10,大阪本場,関西,さといも,大阪,0.1,,1080,
2026-08-10,大阪本場,関西,さといも,鹿児島,0.9,,205,
2026-08-10,京都,関西,ごぼう,宮崎,1.0,,117,
2026-08-10,京都,関西,ごぼう,鹿児島,1.4,,1458,
2026-08-10,京都,関西,ごぼう,群馬,2.1,,3024,
2026-08-10,京都,関西,ごぼう,京都,0.1,,93,
2026-08-10,京都,関西,さつまいも,徳島,10.1,2268,2160,1998
2026-08-10,京都,関西,さつまいも,茨城,9.3,2106,1512,1512
2026-08-10,京都,関西,さといも,宮崎,1.3,,4104,
2026-08-10,京都,関西,さといも,鹿児島,1.6,,248,
2026-08-10,神戸本場,関西,さつまいも,徳島,5.5,1836,1404,1296
2026-08-10,広島中央,中国,ごぼう,中国,0.3,1404,,1296
2026-08-10,広島中央,中国,ごぼう,宮崎,0.1,,173,
2026-08-10,広島中央,中国,さつまいも,鹿児島,1.6,,756,
2026-08-10,広島中央,中国,さつまいも,徳島,0.5,1793,1512,1404
2026-08-10,福岡,九州,ごぼう,鹿児島,3.3,2700,2592,2376
2026-08-10,福岡,九州,さつまいも,宮崎,2.4,1944,1728,1620
2026-08-10,福岡,九州,さといも,宮崎,1.5,3240,3240,2376
2026-08-10,福岡,九州,さといも,中国,0.2,3402,2970,2970
2026-08-10,北九州,九州,ごぼう,鹿児島,0.5,2808,,2700
2026-08-10,北九州,九州,ごぼう,宮崎,0.5,146,130,97
2026-08-10,北九州,九州,さつまいも,宮崎,3.0,1296,1188,1080
2026-08-10,北九州,九州,さつまいも,千葉,0.8,,2592,
2026-08-10,鹿児島,九州,ごぼう,鹿児島,5.5,,972,
2026-08-10,鹿児島,九州,ごぼう,中国,1.0,,1188,
2026-08-10,鹿児島,九州,さつまいも,鹿児島,1.9,1620,1404,1296
2026-08-10,鹿児島,九州,さといも,鹿児島,0.6,5400,4320,2160
2026-08-11,宮崎,九州,さといも,宮崎,9.4,,432.0,
2026-08-11,福岡,九州,ごぼう,鹿児島,3.1,2700,2376,1944
2026-08-11,福岡,九州,さつまいも,宮崎,2.8,1296,,864
2026-08-11,福岡,九州,さといも,宮崎,0.4,7020,6480,4752
2026-08-11,福岡,九州,さといも,中国,0.1,,3294,
2026-08-11,北九州,九州,ごぼう,宮崎,1.5,140,130,122
2026-08-11,北九州,九州,さつまいも,宮崎,1.8,1620,1080,1080
2026-08-11,北九州,九州,さつまいも,徳島,0.1,,2160,
2026-08-11,北九州,九州,さといも,宮崎,0.4,572,524,524
2026-08-11,鹿児島,九州,ごぼう,鹿児島,8.9,2160,,1944
2026-08-11,鹿児島,九州,さつまいも,熊本,1.5,1944,,1890
2026-08-11,鹿児島,九州,さといも,鹿児島,0.5,5400,4320,1296
2026-08-12,宮崎,九州,さといも,宮崎,5.7,,399.6,
2026-08-12,大田,関東,ごぼう,青森,0.9,,78,
2026-08-12,大田,関東,ごぼう,群馬,1.0,3024,,2700
2026-08-12,大田,関東,さつまいも,千葉,6.7,,1728,
2026-08-12,大田,関東,さつまいも,茨城,21.0,1836,,1620
2026-08-12,大田,関東,さといも,千葉,3.6,2592,2376,2052
2026-08-12,大田,関東,さといも,宮崎,0.4,,2700,
2026-08-12,横浜本場,関東,ごぼう,群馬,0.1,3024,2592,2592
2026-08-12,横浜本場,関東,さつまいも,茨城,11.3,1728,1080,1080
2026-08-12,横浜本場,関東,さつまいも,千葉,8.7,1836,1836,1296
2026-08-12,大阪本場,関西,ごぼう,鹿児島,1.7,1188,,1026
2026-08-12,大阪本場,関西,ごぼう,群馬,1.6,3024,1728,1728
2026-08-12,大阪本場,関西,ごぼう,青森,0.5,1620,,1296
2026-08-12,大阪本場,関西,さつまいも,徳島,15.7,2160,,1404
2026-08-12,大阪本場,関西,さつまいも,茨城,15.2,2322,2106,1512
2026-08-12,大阪本場,関西,さといも,宮崎,1.2,3240,,2160
2026-08-12,大阪本場,関西,さといも,大阪,0.1,,1080,
2026-08-12,京都,関西,ごぼう,宮崎,0.2,,,
2026-08-12,京都,関西,ごぼう,鹿児島,0.7,,1318,
2026-08-12,京都,関西,ごぼう,群馬,1.9,,1728,
2026-08-12,京都,関西,ごぼう,京都,0.1,103,,86
2026-08-12,京都,関西,さつまいも,徳島,9.0,2538,1944,1944
2026-08-12,京都,関西,さつまいも,茨城,7.5,,2052,
2026-08-12,京都,関西,さといも,宮崎,0.9,,4320,
2026-08-12,京都,関西,さといも,鹿児島,0.2,,8640,
2026-08-12,神戸本場,関西,さつまいも,徳島,6.9,1836,1296,1188
2026-08-12,神戸本場,関西,さといも,宮崎,0.1,3456,,3348
2026-08-12,神戸本場,関西,さといも,中国,0.2,,3240,
2026-08-12,広島中央,中国,ごぼう,宮崎,0.4,,173,
2026-08-12,広島中央,中国,ごぼう,中国,0.1,,1404,
2026-08-12,広島中央,中国,さつまいも,徳島,0.3,1404,,1296
2026-08-12,福岡,九州,ごぼう,中国,1.4,1080,972,913
2026-08-12,福岡,九州,さつまいも,宮崎,4.0,1512,864,864
2026-08-12,福岡,九州,さといも,宮崎,1.0,6480,6480,5184
2026-08-12,福岡,九州,さといも,中国,0.3,3294,,2970
2026-08-12,北九州,九州,ごぼう,鹿児島,0.1,,135,
2026-08-12,北九州,九州,ごぼう,宮崎,0.9,,71,
2026-08-12,北九州,九州,さつまいも,宮崎,2.6,1296,,1080
2026-08-12,北九州,九州,さつまいも,鹿児島,0.3,,864,
2026-08-12,北九州,九州,さといも,宮崎,0.1,,572,
2026-08-12,鹿児島,九州,ごぼう,鹿児島,12.1,1728,,1674
2026-08-12,鹿児島,九州,ごぼう,中国,3.0,,1188,
2026-08-12,鹿児島,九州,さつまいも,熊本,1.9,2700,2592,2430
2026-08-12,鹿児島,九州,さといも,鹿児島,0.3,5400,5400,4320
2026-08-13,宮崎,九州,さといも,宮崎,3.3,,329.4,
2026-08-13,大田,関東,ごぼう,青森,0.7,,86,
2026-08-13,大田,関東,ごぼう,鹿児島,2.1,1458,1458,1188
2026-08-13,大田,関東,さつまいも,千葉,17.5,1944,,1728
2026-08-13,大田,関東,さつまいも,茨城,17.4,1966,1966,1836
2026-08-13,大田,関東,さといも,千葉,5.2,2592,2376,2052
2026-08-13,横浜本場,関東,ごぼう,群馬,0.1,,1080,
2026-08-13,横浜本場,関東,さつまいも,茨城,14.6,,1188,
2026-08-13,横浜本場,関東,さつまいも,千葉,19.0,1534,1296,1188
2026-08-13,横浜本場,関東,さといも,宮崎,0.1,,162,
2026-08-13,大阪本場,関西,ごぼう,鹿児島,3.1,1458,1188,756
2026-08-13,大阪本場,関西,ごぼう,群馬,0.4,,1512,
2026-08-13,大阪本場,関西,さつまいも,茨城,21.3,1836,,1728
2026-08-13,大阪本場,関西,さといも,宮崎,0.4,,216,
2026-08-13,大阪本場,関西,さといも,大阪,0.1,,864,
2026-08-13,京都,関西,ごぼう,宮崎,0.6,,117,
2026-08-13,京都,関西,ごぼう,鹿児島,1.2,,1458,
2026-08-13,京都,関西,ごぼう,中国,0.2,,3024,
2026-08-13,京都,関西,ごぼう,京都,0.1,,70,
2026-08-13,京都,関西,さつまいも,徳島,1.7,2160,1944,1620
2026-08-13,京都,関西,さつまいも,茨城,13.3,2106,,1512
2026-08-13,京都,関西,さといも,宮崎,1.1,,2376,
2026-08-13,京都,関西,さといも,鹿児島,1.0,,248,
2026-08-13,神戸本場,関西,さつまいも,徳島,1.5,1512,1512,1458
2026-08-13,神戸本場,関西,さといも,宮崎,0.1,,2700,
2026-08-13,神戸本場,関西,さといも,中国,0.1,,3240,
2026-08-13,広島中央,中国,ごぼう,宮崎,0.8,,173,
2026-08-13,広島中央,中国,ごぼう,中国,0.2,,1296,
2026-08-13,広島中央,中国,さつまいも,香川,0.3,,1620,
2026-08-13,福岡,九州,ごぼう,中国,2.0,1296,1242,1026
2026-08-13,福岡,九州,さつまいも,宮崎,0.2,1620,,1512
2026-08-13,福岡,九州,さといも,宮崎,0.7,6480,6480,6264
2026-08-13,福岡,九州,さといも,中国,0.2,3402,2970,2970
2026-08-13,北九州,九州,ごぼう,鹿児島,0.2,146,,108
2026-08-13,北九州,九州,ごぼう,宮崎,0.8,,130,
2026-08-13,北九州,九州,さつまいも,宮崎,1.1,,1296,
2026-08-13,北九州,九州,さつまいも,徳島,0.5,,2160,
2026-08-13,北九州,九州,さといも,宮崎,0.5,,572,
2026-08-13,鹿児島,九州,ごぼう,鹿児島,1.2,,2214,
2026-08-13,鹿児島,九州,さつまいも,熊本,2.6,2592,2268,2268
2026-08-13,鹿児島,九州,さといも,鹿児島,0.3,5400,4320,1296
2026-08-17,宮崎,九州,さつまいも,宮崎,1.4,,162.0,
2026-08-17,宮崎,九州,さといも,宮崎,15.0,,329.4,
2026-08-17,大田,関東,ごぼう,青森,2.1,,173,
2026-08-17,大田,関東,ごぼう,鹿児島,2.5,1458,1188,1080
2026-08-17,大田,関東,さつまいも,千葉,7.4,,1512,
2026-08-17,大田,関東,さつまいも,茨城,9.4,1620,,1512
2026-08-17,大田,関東,さといも,千葉,1.6,2376,,2160
2026-08-17,大田,関東,さといも,宮崎,0.6,,2700,
2026-08-17,横浜本場,関東,ごぼう,群馬,0.3,,1080,
2026-08-17,横浜本場,関東,さつまいも,茨城,9.7,,1188,
2026-08-17,横浜本場,関東,さつまいも,千葉,8.8,1944,1728,1620
2026-08-17,横浜本場,関東,さといも,宮崎,0.1,162,,108
2026-08-17,大阪本場,関西,ごぼう,鹿児島,5.2,1458,1188,1026
2026-08-17,大阪本場,関西,ごぼう,群馬,0.8,,1944,
2026-08-17,大阪本場,関西,さつまいも,徳島,8.3,2592,1512,1404
2026-08-17,大阪本場,関西,さつまいも,茨城,5.8,1836,,1512
2026-08-17,大阪本場,関西,さといも,宮崎,0.4,,205,
2026-08-17,大阪本場,関西,さといも,大阪,0.2,1404,,1080
2026-08-17,大阪本場,関西,さといも,愛媛,0.1,,3456,
2026-08-17,京都,関西,ごぼう,宮崎,0.9,,117,
2026-08-17,京都,関西,ごぼう,鹿児島,1.2,,1134,
2026-08-17,京都,関西,ごぼう,群馬,0.2,,972,
2026-08-17,京都,関西,ごぼう,京都,0.1,,66,
2026-08-17,京都,関西,さつまいも,徳島,4.5,2268,1944,1836
2026-08-17,京都,関西,さといも,宮崎,1.2,3780,2160,1620
2026-08-17,京都,関西,さといも,鹿児島,0.3,,248,
2026-08-17,神戸本場,関西,さつまいも,徳島,4.1,1728,1404,1296
2026-08-17,神戸本場,関西,さといも,宮崎,0.1,,3240,
2026-08-17,神戸本場,関西,さといも,中国,0.1,,3240,
2026-08-17,広島中央,中国,ごぼう,中国,0.4,1404,,1296
2026-08-17,広島中央,中国,ごぼう,宮崎,0.1,,173,
2026-08-17,広島中央,中国,さつまいも,徳島,0.1,,1404,
2026-08-17,広島中央,中国,さといも,宮崎,0.3,3780,,3240
2026-08-17,福岡,九州,ごぼう,中国,2.3,1350,972,972
2026-08-17,福岡,九州,さつまいも,宮崎,0.1,1944,,1296
2026-08-17,福岡,九州,さといも,宮崎,0.5,,3240,
2026-08-17,北九州,九州,ごぼう,青森,0.3,,97,
2026-08-17,北九州,九州,さつまいも,茨城,0.2,,1080,
2026-08-17,鹿児島,九州,ごぼう,鹿児島,9.2,1620,1512,1458
2026-08-17,鹿児島,九州,ごぼう,中国,1.0,,1188,
2026-08-17,鹿児島,九州,さつまいも,鹿児島,2.3,1620,,1512
2026-08-18,宮崎,九州,さといも,宮崎,17.9,,297.0,
